face_match_score,liveness_score,document_quality_score,ocr_confidence,entity_mismatch_count,location_anomaly_score,behavior_score,risk_score
0.49963209507789,0.5671736066225963,0.7381623953671184,0.7195095009044721,0,0.28740253384548253,0.9214577362165304,0.2763315168363656
0.960571445127933,0.5312636898667579,0.837345117753098,0.6595954986507133,0,0.5578791835778856,0.97850596693269,0.140732309321296
0.7855951534491241,0.12307785922579212,0.4003743190339992,0.5017291681716707,2,0.3043075918208643,0.010670127006162766,0.6228526941492254
0.6789267873576292,0.4071230448635408,0.6998992796855992,0.3045250504527974,0,0.08645750712015232,0.6227412763774776,0.3191204699443003
0.3248149123539492,0.44217605690727135,0.657396786514999,0.6473674553305697,0,0.0014283430791767193,0.41283939775890643,0.40041348711119357
0.32479561626896214,0.45894050280721044,0.8662643014306168,0.49993819199357015,2,0.4495833529202623,0.8598544903351217,0.5503204882089509
0.24646688973455957,0.6221551323045991,0.9248696483850085,0.8142258104973745,3,0.8368634222265923,0.2518147020091317,0.6465984489594765
0.8929409166199482,0.5802422920541906,0.20972541718190946,0.31676238568933845,3,0.5723151856300766,0.9810294891150761,0.560140102535107
0.6808920093945671,0.6471145835141001,0.7392159352470342,0.7093794679140536,0,0.9992072989434408,0.6137079695437473,0.31452087817870333
0.7664580622368364,0.7883949353879154,0.24146863929578322,0.9590319662542457,0,0.28684664564719997,0.793537402228831,0.19729327814998388
0.21646759543664196,0.8316871648444841,0.6390869320618848,0.4220864869780496,2,0.28045506476005533,0.08559955282276832,0.5739980583067926
0.9759278817295955,0.7463107686038449,0.4301061832349426,0.6301546435254167,2,0.1597494602339442,0.18345788475886504,0.3119731341649434
0.8659541126403374,0.9599713263594413,0.445421279617713,0.3639953942719967,3,0.16406358826533518,0.7584036730342032,0.3569529404091045
0.36987128854262097,0.11640932440872548,0.48236680276188526,0.7379773385829468,1,0.2851865960100478,0.02198652203932361,0.6475079580290589
0.3454599737656805,0.2762001871151915,0.6970339592396881,0.6853721764173579,0,0.7928400452735271,0.8168779858937828,0.5133262136888711
0.34672360788274703,0.10680658748032791,0.46723997253501537,0.5851558669489826,1,0.9057567906364479,0.013949018691911452,0.7757586075962696
0.4433937943676302,0.6827272427391426,0.7861592404722244,0.6649639150316189,1,0.9750871697076813,0.6571188390612733,0.45352077704030325
0.6198051453057902,0.9082274940549883,0.5236219084590958,0.927602260928307,2,0.23228965409645264,0.36509392023180587,0.32812544481257966
0.5455560149136927,0.31913406691866936,0.2546825602479669,0.4374060116177469,0,0.8812975456140917,0.6114948527191991,0.5888480370717899
0.43298331215843355,0.9343310903166759,0.8270078739872859,0.31579515819374304,0,0.32825508927733704,0.6960314069891137,0.2553240831330585
0.6894823157779035,0.15424065126060477,0.42860665967416484,0.9031654192893706,2,0.11284054451688441,0.3424752191863042,0.5317357589788309
0.3115950885216335,0.9409924241249629,0.5462135036794101,0.7039819576715345,1,0.8700249255201656,0.10796244811083555,0.49787799307612846
0.43371571882817456,0.41646041851567095,0.7483551065775214,0.9234609188232896,2,0.6361056346436186,0.06964586774826564,0.5719049206400215
0.4930894746349534,0.19127874560429486,0.46596492571896964,0.7178616563892208,3,0.16473089608106173,0.5889360225625478,0.6742646935226303
0.5648559873736287,0.5372845832676931,0.2452685249173725,0.8671127629717916,0,0.42983125751300255,0.5206553537341115,0.39787271372187083
0.8281407691144109,0.33109891094845717,0.4991368376102509,0.6007713543486035,3,0.28725769487706765,0.7422010091211325,0.5274650619851888
0.3597390257266878,0.3563856117657306,0.9555588661554428,0.8249019519017882,2,0.736794568710197,0.5097355100039371,0.5680287511101725
0.6113875507308892,0.37656096843365794,0.7133875178388467,0.9391290268228991,0,0.45341623062426806,0.4224457900308791,0.32529667225487646
0.6739316550896339,0.8227233080493971,0.7371833189337655,0.7004860746055444,3,0.989279945106385,0.39808717823623085,0.5010844416330877
0.2371603301759982,0.5852451490077291,0.7058257229101119,0.42654960539366565,3,0.05474498225959512,0.026446902597667465,0.6676369890395109
0.6860358815211507,0.38017692924040325,0.35919371116754945,0.48815833052113866,1,0.3550152661362467,0.33555720169665715,0.5056380608006441
0.33641929894983325,0.6493004049798266,0.5346670912818241,0.439051203828184,0,0.4819001671099774,0.9760201575244942,0.42205713482046825
0.25204127438822366,0.7445356068008742,0.8007518386906547,0.47279991931701304,3,0.5031335547483198,0.8735555762270888,0.5916686355276206
0.9591084298026666,0.3453616006601804,0.28109831804252733,0.5144908145457254,3,0.3159358223856368,0.3293780670342177,0.5702286722416979
0.9725056264596474,0.4721941913728164,0.4222822208717698,0.6885936507272319,1,0.729240249097568,0.5877954050663722,0.367153424735682
0.846717878493169,0.2096974840032528,0.4210552867726829,0.7115941406246828,3,0.8747470734889747,0.847296745535494,0.6353087506617797
0.4436910153386966,0.2630344145812123,0.5456151420756048,0.5985498230693027,3,0.938719301977863,0.44127433675006866,0.7952729295563135
0.2781376912051071,0.7130060685684845,0.9842949927537481,0.7307945458745848,3,0.8050933767995262,0.01795786375015096,0.6200722093339492
0.7473864212097256,0.26329451292606426,0.25400203734705756,0.35710244792795615,1,0.8505801973065994,0.07451046181864007,0.651162511491214
0.5521219949916811,0.5726470453003542,0.614960795504476,0.36145176594071193,3,0.5505453006199955,0.5103927213487066,0.622753070938154
0.2976305878758231,0.7381416355501894,0.34349174560976836,0.4202806222503609,3,0.8258882264268146,0.9694393756758783,0.7250163432265168
0.5961415280890161,0.19618923078526945,0.9765412363277954,0.6626542486282413,0,0.3035039091479522,0.6932095422188678,0.32461073931342493
0.22751081689217473,0.6105809976660131,0.2906428037819714,0.4497962750888195,0,0.3984787621092144,0.07091619143856953,0.5791045519316387
0.9274563216630256,0.3309065053312274,0.522880801889273,0.49829908244480414,1,0.3169130138185443,0.18936087579186278,0.3995365071800243
0.40702398528001354,0.9666341877138218,0.7903079878676851,0.5802189853210958,2,0.46738733544792543,0.77132314321685,0.38580136864674963
0.7300178274831857,0.5351910820479323,0.7636435424219563,0.8683062868072657,0,0.28557961623863637,0.8414397599562448,0.17971218280042467
0.4493688608715288,0.8253932947976423,0.5381829095151458,0.3097034951390021,1,0.9616114422544468,0.6176945861885909,0.5168571415829973
0.6160544169422486,0.5952038879406356,0.4772193343621746,0.7545651741656356,3,0.31284462800566815,0.6444231696298166,0.520968164365716
0.6373682234746237,0.13907127956933726,0.5180899028422965,0.7682135717284797,3,0.09804453811093983,0.028337450383384644,0.6492325401612876
0.3478835644204217,0.6698362380346201,0.41142101052691143,0.8590590462496455,1,0.5268171660504134,0.8285302595815085,0.4679360880563486
0.9756677022116469,0.9562630079859913,0.36426635096543986,0.9529270573422193,3,0.057099078445176366,0.7882752081708296,0.23180315095144036
0.8201062586888916,0.6414506381316981,0.586431758047112,0.31409649426450287,3,0.11054316630858052,0.25903514410334716,0.47190338062387777
0.9515991532513512,0.8372699734841111,0.41482700485408586,0.40764859385925134,2,0.2193893891962463,0.708676719965507,0.3004750992478189
0.915861880342119,0.895785817013567,0.4299693319178001,0.9203199058391951,3,0.4643502498821417,0.2148546064249981,0.36316917858047404
0.6783199830488682,0.3052717947540392,0.7254048507796458,0.6209629935309107,0,0.4332509323090279,0.04033016105151299,0.3905466557413462
0.9374993880184934,0.290840355917404,0.9748298653599139,0.6952134472534244,3,0.7996918620027912,0.20113654259037728,0.4956069694230386
0.2707940016415356,0.6498828899658925,0.6829097604475001,0.7641190426062031,1,0.7394746538841134,0.1786288767542995,0.5348917192799626
0.3567862899353162,0.46992562282603423,0.26158357365197304,0.7753466231469461,2,0.4263182939907013,0.33774799673484723,0.6625289144353397
0.23618183112843047,0.8558751725800483,0.2604668910832536,0.9522182823215557,3,0.3337042075756299,0.4184494971754581,0.6218025704051436
0.4602642646106115,0.9100208110582101,0.9611385766764529,0.9978645921881688,1,0.3164687840614986,0.5085388914977079,0.2084075656521343
0.5109418317515857,0.41807924137244634,0.43783263224586694,0.8041102226516581,0,0.773995087294009,0.47675387550832815,0.4729460497719866
0.41707922541911674,0.31318350307703385,0.27365358886598035,0.5010548464436055,3,0.05207240622126974,0.27067460596528936,0.7470710816150165
0.8629900073215435,0.8024729637194756,0.6792356697203052,0.9158266816060405,2,0.012821649510605826,0.029170668574074465,0.23022344864454303
0.4854026613548714,0.3473254319933225,0.6989190226322128,0.3344546401785331,3,0.795544391926648,0.6051016222371507,0.727459831275337
0.4247476077499046,0.8403528866623106,0.7188038560949506,0.46175659701214733,1,0.4771463759890493,0.3957448298473544,0.4050307825341271
0.6341568665265989,0.4813644282838866,0.4139216222860331,0.9281700022246004,2,0.13088113855357597,0.2986721573875497,0.4617063575378972
0.31273937997981016,0.7007949093623234,0.21208854737158003,0.4793340601075484,3,0.23556593459450126,0.8669410428305123,0.6717817194036858
0.8417575846032317,0.18598178245120137,0.9720122955635775,0.4544557417352239,0,0.9325039530973825,0.7467433077981598,0.35730297627038693
0.2596405149438167,0.6614733922089157,0.400714436552882,0.39668770519817304,2,0.859502975624898,0.8577655483724422,0.6921957419310982
0.9895095492804138,0.5065909108635063,0.740821030442038,0.9013782303528415,0,0.7097850502239725,0.494982794712461,0.18074540722562368
0.8177958154373259,0.6279476168579267,0.7653038959029677,0.6500407814337607,1,0.48222523033732656,0.13093125212677748,0.3058488690138455
0.35897254522733796,0.2512127869703771,0.6880059336635886,0.7724252421379083,3,0.5203236261913857,0.6962214361212724,0.6932351480516292
0.20441769369888194,0.7631863704497639,0.4503259153709186,0.46734646885252074,0,0.9752445352839586,0.20607377993717524,0.5797821093067973
0.8523691427638673,0.8765173697889057,0.41687700301125263,0.8306282947078516,1,0.9657704438842871,0.4412296690917168,0.31855089542806864
0.7654858750780937,0.2950658200816981,0.6781346261621626,0.8320038814734689,3,0.21526904578583428,0.0650007889488885,0.5268196483050485
0.7832057344327898,0.18614309996814554,0.8928765068893532,0.51881861743581,1,0.8111045663053181,0.8253084024229824,0.4362141209731536
0.8170162773487566,0.12127472744170276,0.9573869831387165,0.587477843107198,0,0.1972426661670168,0.12594064104750058,0.30690824929324656
0.2592357213872723,0.6777743503989394,0.28472464352300614,0.44678319420114054,1,0.2135374778839514,0.9030975070493097,0.5348266289900311
0.48677258283541813,0.6463846324799026,0.3238628900781759,0.983592716326033,2,0.6760930341645768,0.8642306022615571,0.5173414449103093
0.2926952476201038,0.592027671442663,0.9557890070264639,0.7519218039408881,3,0.4050010985875484,0.46458276443924607,0.5621428523839539
0.890482740700475,0.30875238650437786,0.789228182667834,0.9541807165008609,1,0.9315444071065202,0.7443682043039906,0.3437531016403599
0.6986385014620464,0.45181539631496326,0.9063950598638184,0.5123698805403932,0,0.08900973489600883,0.6194450738181533,0.22378478355907003
0.46471841988211937,0.6350287016675558,0.3621061073082745,0.8473236390978227,3,0.511525640809493,0.8030756423377449,0.5937737301127775
0.25084668022881895,0.5470901729732525,0.6700686968875216,0.8361010507193194,2,0.9185215304431212,0.43180510078591205,0.6453073587958946
0.4487858573725298,0.9890069681933986,0.7609116755339789,0.7841589563065791,3,0.9041136604795051,0.78580848424435,0.4765220878643563
0.46014665762139767,0.22279577730105982,0.7440895083575783,0.9759472826867603,2,0.15652921341574122,0.46245681706514796,0.513301860088859
0.7836849426704513,0.7256300986428345,0.5265213526933585,0.5754887352744209,3,0.36663770009645646,0.9409657878427938,0.42311309743394254
0.7100459770841705,0.46388689129386296,0.21231591335304678,0.3915021265128301,1,0.6191214000466962,0.4863721008251476,0.5463171790779321
0.9097701940610612,0.48537965343305334,0.6663408454434105,0.7701962014708426,1,0.15939488477140218,0.46261927193372954,0.24660727237757774
0.5777719401295595,0.7458379890923587,0.402481231343687,0.8105168603340442,0,0.9680221720457387,0.7850718615635127,0.3653212237710607
0.29567539675064136,0.7231925361919327,0.5602033969143123,0.7025424014211703,2,0.9147493287276603,0.821577691760838,0.5920028294015635
0.7705958297783961,0.9921303943319695,0.9660648120670539,0.4447725251933774,0,0.16695017903446918,0.5544891143211708,0.052426430295608874
0.8086280388935181,0.2155548605087127,0.5192282541139478,0.6531191591685488,1,0.12115546126098542,0.1797978134950754,0.42694430702974845
0.649021758055597,0.19369868444574972,0.8718412853315414,0.5185328155983906,2,0.0854084828082653,0.4677582309575795,0.480846719995431
0.8167737439636489,0.751904935415867,0.3508324845994009,0.5992265697166823,0,0.9094436640366311,0.9680725029096784,0.2964636867611015
0.5950364770915126,0.6205482253057681,0.7379683984200232,0.7516530030912647,0,0.1936238097954608,0.7529861930391851,0.2197991038879666
0.6181862635055952,0.3467445999038253,0.9816055635511549,0.8216503198835841,0,0.4162849285443547,0.8111626038791322,0.25603731060889895
0.5420328146868397,0.17147743209008795,0.28151448069834945,0.4625572836309402,0,0.448851365652003,0.03282549881924013,0.6028271389411965
0.22033530139527616,0.17709242463678748,0.2066559537817536,0.5837277524528672,0,0.5990110442135675,0.4678594626341599,0.7076256934314183
0.2863131415946436,0.9047717871977065,0.5468662341060915,0.4884130996941404,2,0.07173534374742496,0.6466211336575554,0.4660947082295741
0.22514334854938742,0.27268059224686864,0.2741003864410938,0.43904212970330836,0,0.22675861740051595,0.8300326836280747,0.603376488773846
0.7091283290110244,0.39103440590396865,0.7987074797409852,0.8483710539970868,2,0.931490386918926,0.04927365358277147,0.5232836131979011
0.45148478486106136,0.3039907620042892,0.9316389310788471,0.9364768861058947,0,0.9084101072685695,0.8524388856418731,0.39257747394475584
0.6068565529317622,0.41949667524874357,0.5472167781670071,0.5591625299792037,1,0.7812906474056922,0.5484009367419117,0.5182300704890681
0.9260531791408744,0.16248145847148404,0.4069693137243528,0.8258952470616368,1,0.019401245618215435,0.19731397057605993,0.38274308069162166
0.39943378331909996,0.5671538118174434,0.5475226552052879,0.9278967025550877,0,0.3270067684961021,0.3172552164497,0.37426403208382675
0.5283063384285038,0.16085130723299343,0.7787582542800009,0.8922869473711621,3,0.6279587353429078,0.28192955175156076,0.666358971995449
0.804440910834439,0.8203208570401254,0.20724332926429678,0.4279693719774581,1,0.2751902117734757,0.5308590342884758,0.3498290443293501
0.383038532393298,0.31034087371938973,0.6715631915877578,0.9694043170593529,2,0.9095866950537773,0.05168567991113182,0.6728821457232848
0.2615839278630344,0.5860107231440596,0.6906333479099033,0.5636735083006237,0,0.6338894618324419,0.15853615849992353,0.4974755782074855
0.43180116233101445,0.8920711788053124,0.7101505975167484,0.5374684628216854,2,0.0719067173164456,0.8126930433757824,0.3615313291974416
0.32897702980320354,0.6857896321424748,0.39361766398470177,0.3437019290944462,3,0.909005588835703,0.13260399074681106,0.8023991552588076
0.9437581218740585,0.5796620078962018,0.7712421787025014,0.640321557873418,0,0.9577666581762225,0.23339626945812697,0.2629784616390436
0.8464963036515336,0.391900377803838,0.27311318906542115,0.37630953094865005,1,0.07771241839172549,0.4533706056041573,0.42963324410272175
0.7067230052083389,0.39970172175237817,0.35941626917344066,0.47397787464919816,2,0.5323602348613149,0.5171208881133305,0.5801521967577618
0.8971684721501743,0.7025382596783711,0.9019760373235857,0.5218598352370969,1,0.30336428221417044,0.7636104796141586,0.1713894069068751
0.8429376615192916,0.9947254250990508,0.7909785205812532,0.8661784264441788,1,0.39283907648140237,0.4473324266661878,0.11597546873333264
0.3492560471088287,0.6956552708644408,0.2109964432090762,0.9128420552771275,0,0.1796512179553419,0.7898646210355388,0.37494026695412536
0.9140471987919823,0.6020050756330224,0.3987010082958402,0.5117264222230288,2,0.5780721020124125,0.6183463070454575,0.43036232528215135
0.6314737935325205,0.7575854592153215,0.3715251863945317,0.9010886848712016,3,0.9579793532488906,0.11309973942382245,0.602772296963344
0.84595212413125,0.5186850510553463,0.4166450624295781,0.9000616561588537,1,0.503072600271609,0.15633143839283858,0.3686088010380176
0.9168730399387945,0.1541281083407067,0.39804781622390917,0.8352556652694114,0,0.08291458139448116,0.4370337254497708,0.30778661738663793
0.4544027799774911,0.6060671342901188,0.2500210365942766,0.40268657981062705,0,0.6200013334774084,0.3968893930890396,0.5218457431513496
0.2880415396221414,0.9618627560548422,0.5671524132774564,0.7832259928305103,3,0.34022299445125703,0.7435442696372946,0.5064893871635838
0.3823481300335534,0.2577726481218937,0.7861867798289321,0.961516845206398,0,0.8559251895912978,0.5807371397973519,0.4717907185710682
0.5416862309010051,0.7210044017385991,0.6853853797739491,0.7777783351370099,1,0.4346781483164702,0.3881330810022493,0.3526579607626374
0.8544118127379945,0.2808403197931508,0.7382973348784638,0.5321317943754837,0,0.1928396089422456,0.17076028345038563,0.29880062986734396
0.8885844666050748,0.5822449160257731,0.2649193428289913,0.6504055222015819,2,0.19110562269114495,0.22683710232549514,0.4265548569008607
0.20556170442495258,0.18700880468204767,0.9611925681414297,0.7520075303457374,2,0.7687641807211604,0.575501018469059,0.6832013711440225
0.6085978420620526,0.5053338426323667,0.87079346707442,0.6573992861099525,1,0.2655875983073599,0.42343880489979246,0.3409006768575036
0.5339288025190232,0.7805469960057214,0.8440722547965303,0.38396705921167884,2,0.767233394159223,0.5149275088606721,0.47331629162047856
0.3776862483765842,0.41281437181508385,0.858387044033414,0.5184448312564145,3,0.20588731076659939,0.17067743530223367,0.6313533475467703
0.29589229386694627,0.6984205520384962,0.946168406506209,0.8616772213875428,0,0.3216863687013094,0.6629062523445658,0.2699331985810056
0.4700921371229024,0.8159049647107562,0.6354031728909582,0.9029926322668622,1,0.4654869724396994,0.852538740855967,0.3142853630866376
0.9543277631300153,0.9344600375315074,0.3602256142941007,0.39611002290089914,3,0.9431958496934507,0.2579395067869006,0.4966014816828624
0.4585623456166042,0.31117787366990823,0.693426886282033,0.9666707266791073,0,0.9317314247538246,0.4915142258318266,0.46551217580431875
0.6150324973946929,0.4593843242283774,0.7943051949343511,0.5301758324940264,3,0.2068718754222878,0.9755273290209018,0.4846250205214181
0.7624151671161423,0.2371744119973757,0.7903339146832205,0.763619617111504,1,0.3582190412430728,0.33324174055072764,0.38534439077525906
0.4909036819034352,0.9932351519425376,0.617159219333504,0.8262776021696767,1,0.14939938845377232,0.5950463449237612,0.24265046909355992
0.9774256661767686,0.9343008711318658,0.25476697546686244,0.8683623642465184,3,0.5099850793134971,0.09019570020024437,0.3912099254454158
0.9699578359536891,0.5859614172525036,0.49689035074410226,0.962024791558151,0,0.4605825506946666,0.6060150024794432,0.16476028423297562
0.40142583666029136,0.8578299649387792,0.936613286770686,0.5190436836201758,2,0.9007601624507324,0.08963177330461791,0.5097190279752342
0.5977988047139084,0.568862179544838,0.6675591278059408,0.9009545181860881,2,0.9300053777910726,0.959235435323822,0.4663121471013552
0.44070264785341573,0.6612271192024838,0.6306655546045707,0.3921808324053449,3,0.3835673910072921,0.7156626520723114,0.5902200515117741
0.4278723955019741,0.18021198890441498,0.4150828115057548,0.7935286344475149,1,0.49173794301898943,0.7881597881357064,0.5884734701008786
0.22950955788362626,0.7797433784471272,0.49475913593326315,0.8193844106597901,0,0.8962362491461331,0.7041043607716369,0.45659325006742424
0.6876514671839176,0.21494213527171135,0.9162768713225355,0.7744062688409243,0,0.8067078077450615,0.5897290360764658,0.3636934927526288
0.6021432185830893,0.8434608672272755,0.7331704380214685,0.4766203152946071,1,0.0036563113446492768,0.44991278108550536,0.26076775574978595
0.2411830009999915,0.8038252789033473,0.8299096214018664,0.9111302029106423,2,0.3200595641835825,0.8583733797610624,0.4090564034372337
0.4229171713892892,0.7378702279686787,0.5634763384541241,0.41820092435927647,0,0.4217742419361259,0.956835667543063,0.3538827171740899
0.9266127087733229,0.13254434247228591,0.7041977755649265,0.33754435406458155,3,0.22971628368323171,0.4990361729040813,0.552409123905129
0.39164951253357794,0.3728155203507958,0.398706886994566,0.8022254934283384,2,0.19957161589593875,0.931535049155262,0.5676187338121005
0.3159158976729785,0.33680131291975857,0.7643686642267891,0.6328330006629135,3,0.03778450659567967,0.5833329099885175,0.6253092054266886
0.5915622082220504,0.4241227667243672,0.5420810669626699,0.8943686139710731,2,0.6433697250697605,0.5383841868964332,0.5282553971545838
0.9885203632884807,0.1788784720874547,0.5540364118517964,0.5683779987407812,1,0.26251029048316565,0.4544827329553567,0.3772572252895514
0.39364421720920034,0.9432620407279565,0.7194578596615053,0.417795011955399,3,0.05234717843131309,0.20928776153011985,0.4903216291393441
0.737708437924703,0.5984220166411387,0.9490244971751414,0.8855095347289088,3,0.23097931052806364,0.0037196608180591895,0.38781051182759524
0.8092956922629742,0.3749718795922212,0.2512050772868968,0.6842367421480502,1,0.8019139528361265,0.24150622685606127,0.5293369215267005
0.39011003519391974,0.4572833653668551,0.859794589877606,0.4324370546732484,3,0.8514891816465466,0.5097231716035652,0.6956819516710261
0.7825730788894878,0.5024822864543521,0.43390648832975454,0.804268799010512,2,0.48306624519330266,0.37995995225975254,0.4605643019513671
0.4942265061754026,0.6405349000245556,0.5551355636051023,0.6577795469426504,0,0.41607067040868617,0.4484852280026338,0.35940962564329787
0.7058446644748637,0.564111484926848,0.21753066302000718,0.7230190875682239,0,0.9778536935017818,0.9806482195640496,0.41214282360875304
0.7068237686087158,0.9274527758929756,0.44083686226745045,0.6226288367446073,1,0.2005646595880699,0.3502723706693276,0.2767827533729012
0.6286197472598067,0.5472671346152472,0.6021049941041043,0.8800962886726045,2,0.21535928285460848,0.4521829393601079,0.4113460631114386
0.27223181604352664,0.9929422133409814,0.24494086187795122,0.8806939009781349,3,0.29186717703639975,0.13351555135281956,0.5971202529896572
0.8682419964713903,0.8662824619705861,0.5928765835065322,0.7965721752770702,3,0.1727573182810873,0.04795773243698764,0.34113535168789233
0.4566240519773887,0.28765946292160227,0.9416885030867419,0.3737809641775236,0,0.3793655982041866,0.7754095145924946,0.40382182375548026
0.3492148083198834,0.9375356931795247,0.2843145744862442,0.8871977033328482,3,0.9108342269897538,0.5706831750719786,0.6341365520254408
0.23262011324381116,0.2047297580969285,0.8115525824604035,0.7697090863730368,0,0.6153478406285743,0.760704806043895,0.5161802144344124
0.6727143545505935,0.8357047376420724,0.5277368427007941,0.7879169162030096,1,0.41194654861226365,0.14986279888655163,0.31841103127187
0.7420514894738259,0.4425609641289221,0.7241389716194704,0.5540879882827101,3,0.9344107945712148,0.5718287711826909,0.5908930893588983
0.21327026314228492,0.8901768884005625,0.40818927838818353,0.9154956893099047,2,0.04846423247582232,0.25364247434137555,0.49035775467514425
0.6096744466394248,0.8812510210967053,0.32759381003308663,0.8077601201644002,3,0.21027617790186137,0.22806181690001992,0.480133721041819
0.3811966201583504,0.825332860105859,0.32837009141698115,0.3788133265704361,0,0.565888605101759,0.011526014052985256,0.4910545720938091
0.71613823232756,0.8110273926763553,0.25639355651451573,0.5854446240843139,1,0.6155526231931792,0.1303407235690719,0.43006319267234316
0.33949314320399315,0.3742112251882367,0.3485173639209944,0.9204662533720991,0,0.03955750656261314,0.30926811149969535,0.4558805617828201
0.7527501904819729,0.17282735474612698,0.7313755079911746,0.3330376911881653,3,0.4030387579071322,0.11687876059093905,0.6521572941830923
0.5093882770404299,0.46268216088864533,0.9053524894748064,0.9729916337494346,0,0.6491539648308727,0.9858584404109375,0.2777755090741537
0.9493839909893877,0.2561720634878578,0.8513005484729295,0.7754137978236939,0,0.6980705464034016,0.30863264852395067,0.2747367275613692
0.3100167553167946,0.7254559800122156,0.7481074478995873,0.7419631843503636,1,0.6381399025162693,0.13032394670232816,0.476112024522216
0.47285308084020683,0.411489753884007,0.28834549072888216,0.48939147954159395,2,0.32056322436092455,0.19908231282795774,0.6678062876825274
0.29077881699247127,0.9780491807739234,0.4313499570367599,0.4741542521174239,3,0.09352012359790951,0.5877032283414765,0.5510504351087944
0.9397548946228502,0.6768748696107988,0.4478455002579752,0.9594407536420169,1,0.4271124464193341,0.06404352386478851,0.2681806144236576
0.9018714827047849,0.8402325072709248,0.399965557118097,0.5087907179638859,2,0.12875443736805547,0.8624341301411569,0.2817648473127674
0.4063533021721245,0.21927220546766357,0.6120045277677786,0.8428537077032996,0,0.9476236585206671,0.9614996792371473,0.5153962398214754
0.7279872368273432,0.8758130340453603,0.6284430519037381,0.5751852587449553,2,0.47517086602262826,0.24674742066738087,0.3707618613206326
0.8537777601609726,0.9304814714620548,0.4855087801368882,0.39747784954929277,0,0.31725917435686757,0.45009526859085935,0.18196405586161715
0.64416064927957,0.5383557269370424,0.48303132698914886,0.30750070838675125,0,0.7663040711189001,0.02213445102949707,0.4838868678036543
0.6237204626848052,0.6456276439758797,0.8628444783248652,0.6809801359106755,1,0.49794859258226387,0.6407102247272215,0.3107339898890337
0.39348183272036136,0.7883288208126958,0.8314342786557485,0.9830451729842529,0,0.31003402401245006,0.41392605805258886,0.231886864416794
0.2744822142447194,0.25735476453437134,0.44623666534459655,0.5583953356664431,1,0.8119677423908017,0.2700584661015557,0.7342249393697838
0.9177726063626614,0.5523094688170982,0.9310307550986074,0.5500346337951314,2,0.867152151001122,0.20683711061660848,0.3935337489221855
0.9203344457306644,0.45879672499508184,0.962252013602005,0.5408641324946094,2,0.673008166288677,0.6540230776587604,0.353358898040972
0.7064811658186143,0.23173659294602422,0.4613940336240327,0.6643806861134008,0,0.046964422407667294,0.41621703103231444,0.3693516655729794
0.4712238328389606,0.4307809800623783,0.4835399590344439,0.6084654183970055,1,0.5663228801665321,0.17965928902991202,0.5667901532956054
0.47936765969012873,0.16135507844694422,0.604507322737567,0.9159402387089102,0,0.7632949119972816,0.689109081486824,0.48956470249466355
0.7807645430961916,0.1232307162545383,0.9528966500269389,0.6538645542064432,1,0.13650301208358218,0.5650722830366937,0.34298680167366896
0.9176882079620616,0.2216496602393405,0.9010555465138492,0.6554304867319981,1,0.22867075138460335,0.8586720549294962,0.26731160446329644
0.9096691394120939,0.9668036004302565,0.28205437006687184,0.3968601163043896,1,0.8824951050681364,0.1174758988764929,0.37568650246449
0.8239004366860991,0.5945765823055152,0.5141845946171331,0.9879176786372701,2,0.020121721853074037,0.7856666019444561,0.2767257646197539
0.7136253169234303,0.9692399450378979,0.6426969517998176,0.47498102360818073,1,0.752727137825976,0.673516786817259,0.2964945697629047
0.26731197199603907,0.4892480904971188,0.6025059780412321,0.35135484722172183,2,0.4737732925144229,0.11501093682809782,0.7000274288358256
0.329302971275691,0.3806345197767337,0.35509045434951414,0.764202374282646,1,0.44677215883960686,0.6948207298717207,0.5835896673193605
0.9188433508216634,0.5555276765562197,0.8870534169345239,0.7167564591098108,2,0.0070965324948871755,0.4415472888798304,0.23456400280026046
0.685143247727672,0.4955605197696191,0.7415526263974699,0.590601957794922,3,0.8193982309664928,0.9449847855558431,0.5429434362939392
0.20735764129330372,0.19509821583556952,0.870326699881443,0.5955345637164746,2,0.35982490063656647,0.1416113506178993,0.6949139524481983
0.2811772342928257,0.6767436832211856,0.8870114234795778,0.8495447447325017,2,0.5407656313005429,0.642833390815738,0.4761057198748377
0.7308014152864446,0.29443436425863967,0.7986846829325918,0.4369988480697543,0,0.6773006863356594,0.38198004546294595,0.3960646429360289
0.20404926707697496,0.6576291594080467,0.5513684809997739,0.8741773232614227,1,0.7026295764379158,0.9568146705908778,0.5075046345361451
0.32864644113399893,0.6851809831583381,0.6884374040123397,0.7541229797265127,3,0.9559800588260723,0.32997489529027646,0.6704724488725895
0.6389870314932689,0.2368223678157833,0.3282923248957945,0.593278841645667,0,0.5313399532366091,0.9621859094918002,0.4630289252746701
0.7535161581541547,0.15521466439960135,0.7389163339799263,0.620620031608708,1,0.3997195509744276,0.9014858511007491,0.40927457452231925
0.7215690076020804,0.8026854274615959,0.3434026045914246,0.47965304503026707,3,0.9537036264917079,0.27038323531065633,0.6123144700167148
0.37941544756844786,0.5138203813923882,0.7551596724081255,0.8264800328878823,3,0.6421102350255211,0.8035417768264277,0.5963015110766924
0.7697433770780286,0.15234741595492823,0.383678528603175,0.6590123196136874,3,0.2981503562765556,0.995604201803506,0.6009545211911473
0.3897992699974401,0.9953796854527904,0.294041040120176,0.5245981799248904,1,0.12646424540357115,0.25266300217128235,0.4156277934596074
0.4603197585274142,0.15200250489672998,0.3322275921143659,0.7172350810326651,3,0.8425545014651813,0.43677716932331967,0.8373769083834489
0.7971931240944194,0.7255317059726979,0.20159370817525624,0.9970141164359261,3,0.36218160279415157,0.5201807365667597,0.4579442228201203
0.7197063192377717,0.9853110327370722,0.7749916942828243,0.6046835957595876,0,0.6604697213644312,0.2949311358038643,0.18267784309529864
0.8793787283953425,0.31526209379433306,0.7859208392467034,0.9444839805450336,2,0.47081641936589813,0.01526483964602976,0.4070939280222998
0.7260903138402748,0.22802443181847656,0.6119466799306076,0.5415117879471962,1,0.19892977979503834,0.22012924419752666,0.45787380403832856
0.6546468826683773,0.209246445480186,0.32909024084430694,0.3383128948474901,2,0.6016866086204651,0.28193688434175845,0.708694959288995
0.274939814262474,0.372947632810836,0.2668434700085518,0.4429694744579002,0,0.06068306895068232,0.44359970131818716,0.560840542065544
0.49417264244754683,0.190941229909582,0.2153031731498296,0.5930866003293789,2,0.4133424598711922,0.17110247841340187,0.7409743244790722
0.4121618941453804,0.7229452075247187,0.3325985415721766,0.4537444500161983,3,0.546614939663671,0.8732543566916726,0.651292047259444
0.39519171470326686,0.15606261831705642,0.9126844279865174,0.3001589267527789,3,0.43604697411857907,0.7049111327313361,0.714637099838231
0.9784084438019565,0.5584799153348108,0.39322947336134545,0.9405010764232691,1,0.7486721752509908,0.08520047755966198,0.3488879534727772
0.5144781797334084,0.9970271684676791,0.4834170617737725,0.8907155878616502,1,0.8279249545453125,0.6500924511399314,0.34801684980392245
0.9136372441416907,0.8325732425554169,0.28427638758506657,0.819604562040863,1,0.771243074033178,0.6536564764056204,0.2957279956322623
0.7049109007978103,0.6536974944079098,0.3778890437985363,0.41747021695222003,0,0.03881294781180211,0.9562211736436277,0.26028266019579777
0.8358490428333187,0.37562825870795047,0.615379656624164,0.38425450334699024,1,0.1941287704459722,0.0030208713561612477,0.41200178360971285
0.6021096744841536,0.6615062526624746,0.686202146476522,0.3473233246306682,0,0.5366075092637743,0.2479324498058072,0.3627751959550414
0.6615231077010872,0.5743373175204864,0.3962818513329689,0.8068204321410448,3,0.9348220404438012,0.9277914793753155,0.590783634030531
0.5940141550550911,0.48347504550133436,0.24618572738009378,0.9501655724815197,2,0.8349567750521169,0.932133915398283,0.5659660975813416
0.35619439023843563,0.21763933906617955,0.5128262953019189,0.6013750746391259,3,0.8425345083518017,0.7205864193706374,0.8128251205438929
0.7779616922092043,0.8979437937164201,0.3873626967410673,0.3833984703972337,3,0.3032081937596749,0.76576332104754,0.43695623946299234
0.4246178899526847,0.5048061839391903,0.3756431385838416,0.6586749745124746,3,0.42944789707870257,0.09148295792964711,0.7111439298837783
0.2194527731451631,0.2751602606386886,0.9678902421707642,0.5441823352210411,1,0.4707059473159374,0.5138758347782336,0.5690858548748052
0.7163778367257343,0.4309834157895607,0.6930403887405793,0.5623774470449984,1,0.15737158334991042,0.2315829912889994,0.37432605982738687
0.34168854352563915,0.47271677727603434,0.6455027545376768,0.734931436908995,1,0.031068130244456316,0.18121804361361726,0.46949153485220124
0.9523668674823316,0.8447841060101868,0.5326200828186576,0.8031026792835416,2,0.9469028994605169,0.8103032991233325,0.313284290884556
0.9631428616020699,0.7602529425052619,0.5431554667441154,0.37742251921121256,1,0.24071258566350673,0.13503813668054743,0.2670007183046917
0.9318915121763589,0.7923744042772058,0.6327240030704646,0.3249131615645335,0,0.2399489037236313,0.46865163699638523,0.15946007664087178
0.49612696020435554,0.10992813798578249,0.7571438456288859,0.9960312118800003,3,0.08337905376875954,0.938578239586033,0.5549579146708878
0.21236529322309394,0.47453859836178536,0.7617168769454636,0.46290984424088627,2,0.9285077519437785,0.18583205556534255,0.734494405441115
0.9426548500701804,0.5332097364717913,0.3373551261643597,0.33768136743592136,2,0.579737114939772,0.9779934237382346,0.45287508225393736
0.5425473186538514,0.11727304914075103,0.6000902016613017,0.43291273036714395,2,0.6670368571253539,0.994287985761059,0.6607780793607728
0.9733238552349357,0.3338318878705308,0.5295664760272816,0.3272704924439249,2,0.9115768872630525,0.5556171546824029,0.5387295423901834
0.9708959816714022,0.7842608408099215,0.8964215730155074,0.5742676262320201,2,0.3456201689007895,0.17014274017715791,0.23676657866838646
0.882407564373888,0.22339873515609915,0.7051351369747012,0.8616812491159269,0,0.6215073111380841,0.31610488794089564,0.31650402034253977
0.4355591136556686,0.5817791183073325,0.6260032531327855,0.5388711148304044,3,0.03879945472888746,0.42449283267653515,0.5657849227936159
0.5080781828815402,0.29368168481551377,0.2923157137431339,0.6109283848148566,2,0.18677252823112933,0.30932422435822293,0.6431188774721897
0.8809093372134855,0.11090869717950395,0.6845103114587292,0.7729107414972072,3,0.8312458050899425,0.2806355798765158,0.6200195777621534
0.45353760412502214,0.3170813118395873,0.29376312454418674,0.6562258490489161,1,0.7667683563383357,0.9722297092163575,0.6125066830962418
0.33559419734887397,0.9782863794190484,0.4697652604526017,0.9030119802149268,2,0.3506426914571469,0.15336482741574564,0.4597136141122098
0.6454410099666801,0.8213834006946906,0.31427357185146554,0.9062249725320295,2,0.3768106277742125,0.7333279087168623,0.3873987801785796
0.9489238193286249,0.9636189798889301,0.7536589176194952,0.30693748684380756,3,0.5335544335535795,0.00041028943917487126,0.37573628398040604
0.7568238373399785,0.5390686395337262,0.3650016910689221,0.8446324145382393,2,0.0002410046851345493,0.5961826694023769,0.3820878711280257
0.6560489360714921,0.19876257880975318,0.5134874985504208,0.6225135201691716,2,0.24124433603802786,0.9159430039540524,0.5302064357804175
0.2777411950166149,0.5931635400763237,0.9165398220950229,0.9921883789125641,2,0.20823180860821444,0.287934094093219,0.4517955992223369
0.6920057813593359,0.5089396011039649,0.36345310671917624,0.6382624531128045,0,0.25048294674976346,0.1855259752577192,0.36550288585237195
0.9920430800834106,0.8599213744656543,0.6062440511670233,0.9908271617718083,0,0.8059058425334413,0.651679794878427,0.09553412154177163
0.31206721218921923,0.18827432270582012,0.5354173289328177,0.8281985528440157,2,0.27967385654644317,0.7126014072983932,0.6446076176866701
0.6146637218909894,0.5394170233196004,0.2144992328365838,0.4740234192293144,0,0.19152132205014816,0.6880305189519813,0.396185691782001
0.9018984575423643,0.23504379822458585,0.8342064908582503,0.6768764855008703,1,0.5042634607930315,0.31931688002137404,0.3604149507051702
0.7926148942033635,0.39220833420105394,0.2552367250516798,0.9944949476350078,2,0.8656450363727319,0.2522024021593309,0.5657876821992435
0.7576125927962145,0.7636213696490197,0.5794040167815628,0.9002714254263466,1,0.24134970383749987,0.9559187999620442,0.1968298900578871
0.7619872671896875,0.5284163164318899,0.6485426359511599,0.36815682565385477,3,0.0785362427927987,0.9232995082699295,0.45143421908856984
0.48759292097580414,0.4382994566311924,0.7027411652916697,0.7944603977669973,1,0.3564047358496647,0.4573166098928203,0.4323507931629357
0.4348734754115947,0.4550286507130318,0.7509053034463005,0.5419057101095691,3,0.7476518245649778,0.8461938661543734,0.6480754398546259
0.847488924382811,0.513502091565388,0.4026179068181721,0.30488758331624366,2,0.5506905446947946,0.45232347763429603,0.5180868034194251
0.8480907157433446,0.8065148894533511,0.2079830213267595,0.5824366783188997,3,0.8167933695743474,0.4243890180725104,0.5483436978046479
0.893657854864083,0.9028762200462109,0.7787549298839296,0.46432809520747986,3,0.959592147609234,0.15676294759929466,0.43604402986663954
0.930592442045177,0.9598012178535354,0.6285252794780629,0.8732084893643299,1,0.792662476751617,0.42640605649197283,0.1887359042428233
0.6090739190887502,0.8082130476297655,0.8688941625657991,0.5361314261920358,1,0.6038030788437534,0.537416938599807,0.3114242212424891
0.6012130357497597,0.38386620617321143,0.8571106903205554,0.8792665857676718,1,0.4933415880523805,0.022504327428686466,0.4122907766748572
0.8386361431734202,0.719321235477888,0.8746609342303067,0.3004185571843567,2,0.04006908634826667,0.4441130051754064,0.28420875451487426
0.7199711446222121,0.4938428116498528,0.5880757279836322,0.5154734050182834,2,0.9843219788140413,0.7813562183952003,0.5383302023497125
0.7615735018061627,0.32920355984144606,0.46690271666949257,0.46881565001543335,1,0.3834811225750425,0.6800460563742698,0.45111732448183706
0.8366341355488809,0.8567844214833303,0.833246562073096,0.46349715274802766,2,0.1522282139168668,0.635156988863935,0.23241560781848367
0.912004273454053,0.1345837140660925,0.5610352904234039,0.34773063383582387,2,0.6667088553964567,0.9095554284372025,0.5478375786132442
0.47039612548122867,0.9115857929218811,0.3467537571227476,0.4309869892873512,3,0.28428828909545933,0.01803200982523001,0.5992333367183345
0.5004663621119552,0.5153297181622608,0.8839792156491795,0.6888846989199339,3,0.5857782709310476,0.5570475861922342,0.5532628204433124
0.2751855518726952,0.6734813291274524,0.9060479014178779,0.5039527509864211,1,0.5867679078445912,0.7873488484097071,0.44866026528376735
0.6626241127969392,0.6934185299852045,0.5730478049121361,0.5921763476304036,2,0.44572982090286917,0.5413353827012672,0.4318132807918334
0.22875381903739367,0.9056059666358828,0.26055978184783,0.5638068162430319,3,0.8361186155450426,0.32389555258037916,0.747113930347101
0.5724784145059681,0.6730027139504866,0.5102608719335451,0.9131334474999262,0,0.26496706155544303,0.13625056509197786,0.2945523992467891
0.6341157077660613,0.6525402262840556,0.8428301275700827,0.9337092993073608,2,0.44863259161773417,0.8875630718161913,0.320199051713129
0.42923300170262757,0.15998683650462098,0.9214192228369831,0.6450698801591019,0,0.5376921285909715,0.470762392387603,0.4613678024753156
0.6726666084552086,0.5665672197506837,0.3627781939980767,0.531109165220923,1,0.6636247207672996,0.8781151969857014,0.4544131913160407
0.22440019995123955,0.2351521007353375,0.25357888962021724,0.3747604928016545,2,0.7839718505055895,0.5858521224331683,0.8740500253442295
0.22987855099937154,0.7636903918493371,0.901880362506271,0.9673820155674664,1,0.39480728287825606,0.6741921166150008,0.35220481352964955
0.8580804485277267,0.560999728731407,0.5115239511831002,0.3421588614302082,1,0.646046944096596,0.80426115437845,0.38610176049859807
0.4881525131290103,0.712205001287518,0.6334087714140506,0.5083551942977963,1,0.15061095306851913,0.6591555446001344,0.3642439346011714
0.30164841012150784,0.13750561054214586,0.9744526496406072,0.508646340819003,1,0.9326481005424786,0.3980548406789377,0.659057595322919
0.6177946080438435,0.1763128144412229,0.2532517823313783,0.5242809002981504,1,0.38305880642100354,0.513633383928651,0.599230212531944
0.8159948424788888,0.744691049256414,0.7186544059616764,0.4150007902906865,2,0.7295214219764384,0.8030455246758799,0.37709180487586996
0.3726568219974746,0.16487590239880603,0.2592843380598937,0.8482130016465879,0,0.020341081882177647,0.3736502963729842,0.5275895923489529
0.6983123806552003,0.16413105498873276,0.5003751427732004,0.38574850337619243,2,0.205187142904807,0.3881214567684971,0.5956920711794166
0.2682779719950144,0.11089762771139872,0.8430516361547575,0.7444346614072139,2,0.487082544323578,0.09569011605800115,0.7034424668813367
0.24134537693488617,0.9608512584695321,0.5467777862045076,0.3866922186940722,2,0.8782524677323466,0.9145844352217477,0.5793551894001828
0.6250837052545184,0.7637575235131062,0.9977458831223605,0.3493749463150696,3,0.5272551499506771,0.09103631494544173,0.485267493230091
0.6325080972880852,0.4179262676518578,0.6472474279572817,0.9366006525801136,3,0.929870482293879,0.6482091774485559,0.5928262618889939
0.7099439211985652,0.36688202315888974,0.4569297221087628,0.43309013642309396,2,0.48379689658279634,0.4131944788027977,0.5736611939851497
0.7808730669781292,0.4147329067712646,0.37608906072380255,0.8748751081917929,0,0.49044909673594994,0.40561939025544236,0.3421969341683968
0.9806816635700277,0.7971881780630636,0.4804164274289295,0.681241609774995,2,0.11974678850053189,0.6795518365726839,0.23473967704400742
0.6130402786409563,0.6952335499633729,0.49802661900764067,0.3544995637261387,1,0.8026562441522198,0.06709373262987872,0.5143605612537878
0.4583651783529968,0.26667601108072114,0.2549709421791688,0.9688137340066472,3,0.2469654124670625,0.5937057829514346,0.6861667737426046
0.8361489558149631,0.25669840180067593,0.49565935954141854,0.47287281689432475,3,0.8996124893723151,0.7720317859723548,0.6531072570619484
0.4166658010096594,0.1885560847420576,0.57139081579138,0.9017517417468246,2,0.9108242203303961,0.8282127578865942,0.6714765732016806
0.5511771365645088,0.6942724477312043,0.7781902017910438,0.41816700404919493,2,0.9433101118741497,0.1705303893937753,0.55260915940407
0.2627651050738128,0.7879353959995623,0.7253835877772865,0.897760017499297,0,0.52023048910309,0.8974190500781737,0.3108965488032765
0.22028059473236603,0.33854178549250363,0.7670125241833234,0.3092601690337058,0,0.6770937847836443,0.6561460918474422,0.5753229488496797
0.9701187317423401,0.11885046492782153,0.2066909455014857,0.6582463195986364,1,0.7785158800616635,0.8818548008206828,0.5087762513110231
0.8687840964097646,0.1739545007287846,0.3741339196644289,0.8386098055950897,2,0.1310146186504656,0.48528071711019827,0.47403507287168956
0.7567793648749583,0.9710740313605274,0.7293474307198853,0.9543568622449483,2,0.6009571949974972,0.542033345097202,0.2516182901248451
0.527162355531416,0.3659002997296783,0.5871914945437977,0.9364414953445408,2,0.03429790130331167,0.9190382770286711,0.4358964220877326
0.33863545605667666,0.7923008330543202,0.20425078053467677,0.8737374086833514,3,0.4975660833887259,0.8999095433546718,0.6155085072909643
0.3251496341368688,0.6621972119688374,0.843595713945458,0.9217339447629127,1,0.1548426816202274,0.448160873369002,0.3479552166733694
0.4001943185316763,0.44374567568760637,0.81824765863227,0.43945378008595354,0,0.1829229259620847,0.27441263163568175,0.4041794689181237
0.6393813317648964,0.2851185359759996,0.6387353303948502,0.4989290069982101,3,0.3650475666926015,0.39317043456426415,0.6310698656134213
0.77167673816005,0.2092477763434658,0.25317066062101773,0.502277967444741,3,0.432437166716503,0.38776432852974974,0.6992168109385902
0.728157901374185,0.65351167123498,0.8132120396260678,0.5639377517011892,3,0.6231724245321872,0.28686687498279395,0.4886370431619527
0.4239471175567543,0.7971704025740092,0.6669708701850912,0.575324469269632,3,0.07442841843851566,0.26857960433296657,0.5093378768842407
0.9638922245305552,0.6795138281870176,0.8255679817263675,0.6811887272582728,1,0.5036917612374446,0.8610629364797194,0.16936060413260315
0.7903175333566148,0.5772719199242425,0.8013975939166724,0.41191583435650897,2,0.18262513025310112,0.06986192068466168,0.39137598595817
0.6434832420091205,0.13775610108847264,0.8424016575662698,0.7838726646501925,0,0.5739751750317419,0.6776111820995941,0.37677410365874686
0.6893765969874819,0.9716398998349454,0.6144064531236999,0.4172965775131545,0,0.6374046122611835,0.1728200514564523,0.2659322659391474
0.535680049942232,0.8188427724891171,0.312259614554812,0.5172159374731833,3,0.5567092565528539,0.34450589339406323,0.6134115611453723
0.398184791600926,0.36353983303086823,0.736925978703751,0.6523415914243078,3,0.7382955104783077,0.06154303413483686,0.7311514395846455
0.4847781429210093,0.9819732964229656,0.6963790280415765,0.857508393066434,1,0.3356092442409013,0.26997363685546205,0.2772322236761524
0.8062768883714952,0.6416934306726899,0.7938025497592698,0.8176284632671091,3,0.7651065916331309,0.7684210711172421,0.41625199159443715
0.2115147909038047,0.6241803923865218,0.33590480484058827,0.7518740494873655,0,0.43276708170819367,0.8850153245472586,0.4723808778127713
0.292858112405533,0.7732658614865789,0.3559801599202314,0.4090412824061191,0,0.4841844983225968,0.22152715190236705,0.5007968267780544
0.23680211361740222,0.8305928092811238,0.9123276137754628,0.6829317419309044,2,0.6481021272610714,0.46354783925892185,0.49494581068089805
0.23258304185517611,0.6908307465983524,0.7999822387616566,0.3612125512599198,2,0.01835838399922396,0.4703240479372064,0.5164643965278584
0.8843684672088059,0.21528617172958003,0.9265827909602584,0.5641542237576556,0,0.6539942214202483,0.8735753057597342,0.27709056300963003
0.762926287504019,0.40444075539504853,0.8069722569311366,0.5894615712029714,0,0.6185851490721154,0.7627990528758054,0.2916213358347588
0.5793390632698602,0.9352752762934448,0.6777242447922416,0.32786800761202767,1,0.3098471167532799,0.5130772183680499,0.3163141523840626
0.2782673285208012,0.30215405065946677,0.723306189622299,0.49179166962898024,1,0.08579428489948948,0.6707472004717734,0.5332494390083495
0.5932927000934659,0.434950321453762,0.9113023391520081,0.9689546270865426,0,0.09093544991304114,0.8473550539093668,0.1830100644983117
0.5787774166244526,0.4888691946497764,0.6630454036095524,0.9675428254807825,3,0.9232237469852286,0.009538954025544943,0.6294500872927704
0.33856149592801216,0.495464490725007,0.7059130594627099,0.5466289379767775,2,0.6892793212258371,0.4028900310500486,0.6314007522059844
0.5470813193903785,0.651645624245073,0.3251813728028805,0.33017007626382683,0,0.1271026137707404,0.9072431672770787,0.3593855376356318
0.5188037875178988,0.9487682539702368,0.5791369760928822,0.42536645752972707,3,0.35672316930890635,0.7403130308439514,0.4783123234755171
0.6926800784417733,0.31662344064925446,0.7731176895664793,0.574552455403478,0,0.5924829939015964,0.5428413743340746,0.3648452464053672
0.708074920694115,0.20935123867082628,0.41675415865309234,0.9634457885784609,2,0.8355717050906487,0.5296445270351334,0.594597041343875
0.23624320781763564,0.27772344087394363,0.36180334441962797,0.3988393444760294,2,0.04366092871300853,0.3477700976044378,0.7391819263526203
0.499690091701177,0.8982324101883425,0.45106144657953245,0.8344610905677485,1,0.23663313147000886,0.5205205336415145,0.3206526950727844
0.7006879325713891,0.6812297313896855,0.3932005023942668,0.37607777756228444,1,0.88974899029538,0.6553831994634532,0.47598041339652153
0.6025090068640702,0.35731611031524413,0.3719301096291167,0.9868803041738938,1,0.009165550183816484,0.4183630384287931,0.41052340952603505
0.8851918729506578,0.8343522450717555,0.5398806742944695,0.5671315493763944,1,0.2013991027938874,0.714153146392174,0.19872287787557552
0.726954905295156,0.8752329967270924,0.9262708111068274,0.8426641772293391,2,0.959024175972966,0.8612322272603858,0.2927056158006507
0.3303475416651438,0.8618629048212503,0.6056477173909747,0.5398137579677922,3,0.6134018465221711,0.15468484818486117,0.6304030778686152
0.2564549979203439,0.927033880275599,0.35033630465225846,0.739368214011166,3,0.26167136663750645,0.4515470228174244,0.5920438419737384
0.7139354225650525,0.3270169181560254,0.2615773355046993,0.4344112593180257,3,0.0669910943958476,0.4080200912850811,0.6390516092363827
0.22120904843329747,0.7795377358716504,0.7569249161103402,0.40221471350787374,0,0.028191340447222157,0.6874648040497281,0.33748558407421636
0.6686204650187706,0.514485547546726,0.5062390115491102,0.9566448976976918,1,0.24474507963692727,0.24986746525792936,0.3621256822910116
0.9521841931399662,0.8577986976010554,0.8574647572682874,0.9423530945331033,1,0.8814858195889105,0.6402509149522763,0.14770576473963334
0.6603793423007032,0.7556416094454519,0.7276086149126162,0.9212282581490177,2,0.4159136542975095,0.877489241731488,0.30349755146865326
0.5105359409652175,0.7988027018497522,0.8369931604330949,0.7378034151166154,2,0.720333369165993,0.4181315997936227,0.42656620574609316
0.7146305747538826,0.6905456539129643,0.41755683153475903,0.8657877478513947,0,0.9182850353799578,0.91101569997922,0.30359845991289774
0.5666023123932133,0.2596858925227362,0.7538871379688465,0.34832585583796244,0,0.4080404616028166,0.9931637389334784,0.40498511806928394
0.636493431452748,0.5905242270072445,0.41124958775497505,0.5343523293234753,3,0.19127737103739706,0.10609204994795207,0.5831108824449714
0.9531718470212203,0.9862027655720573,0.9512547835602334,0.5195921873300093,2,0.5171179308569195,0.23305318798485863,0.20063763104087148
0.5088821102406194,0.943649259847407,0.7090994252266996,0.7449517253668292,1,0.9080836870598544,0.9503797514820932,0.3272554203792493
0.9689524510591314,0.1388563622173105,0.4596094401402737,0.5491704414294483,3,0.8043744141377006,0.9583276864813868,0.6082309250290094
0.9242805135648511,0.24833333415649342,0.4156094898338181,0.40395474715057655,1,0.06582984336315378,0.0977072753867585,0.4321528561493843
0.3566329078314372,0.21855589610910572,0.3527412680573148,0.7175269527894805,3,0.6925728000775818,0.014998500377136681,0.8601789697942713
0.2554890407001324,0.753381918986766,0.7557127671149824,0.870068744468357,1,0.5718975224589538,0.16110002325642225,0.45554389184702015
0.28062240110194137,0.8360067968712506,0.37497249039834185,0.5674864461219812,0,0.9074631763464255,0.9960127833822483,0.46486013802547127
0.2145774605212398,0.29216022967960475,0.6762426127419913,0.39258810056893717,3,0.12248141685029723,0.17999961661068686,0.7717263501496435
0.27555436860474275,0.5552674236566462,0.4117080215402859,0.43768173811897615,1,0.5340361132046566,0.5025476067220231,0.6143081844028199
0.7464054187330855,0.85663272521008,0.7295751558350949,0.46623831361856877,1,0.8794626935118923,0.848417726430511,0.3054095965807278
0.2569509187681832,0.7595213902896255,0.8519517828324314,0.5099283150961753,2,0.410023786741743,0.02040161068820634,0.5444861034798479
0.45518050423500905,0.5880134849426635,0.8224201945157226,0.7499565493544164,3,0.48199491773286707,0.6044889822584595,0.534491050005201
0.8759002487755636,0.6313129214128956,0.8086810647446254,0.7206618391764033,1,0.0704606776669583,0.2770254488696243,0.1929041021934395
0.2186175485886607,0.557524492224652,0.3501779245538017,0.7872559030969274,2,0.2781436404489108,0.8623349164397316,0.6062320212295607
0.8515747860711487,0.36779360618693857,0.270707957587615,0.5537513891720591,1,0.32450664916894734,0.28346114926407917,0.4579147234350884
0.42548381981871997,0.6085197935731145,0.7591590627899085,0.8767983563159847,3,0.9451224487448869,0.6867557202819089,0.596377258578435
0.294531862097325,0.7199967718450816,0.49467777103548105,0.44286136280903216,0,0.28266736054115904,0.6742196324473969,0.4178415197612138
0.7573897322913206,0.8859906242747269,0.5458769811226778,0.6283285232627077,3,0.460868735269652,0.22149354885964,0.4402357275031737
0.7031542774239072,0.6726622185813232,0.22491927423471286,0.8606571050790011,3,0.6713044235642798,0.03479919986835012,0.6032783339328632
0.9019776108216424,0.7850093833388422,0.4076611594200394,0.42611105341283345,1,0.1621833724078774,0.4092495737853973,0.2731880124088259
0.7880568350431087,0.2440644714591157,0.22694112309957123,0.37690417961854805,1,0.4864423871418745,0.2891931519658697,0.5760250708090856
0.8427847443078789,0.515401726977811,0.9033486180809982,0.9185787773815928,3,0.7385390394759076,0.8089777496137086,0.3942034972240782
0.4256276580570452,0.10839845784438397,0.3947173465748244,0.5400507639314371,2,0.866855213027066,0.8003641884553453,0.7788781179658513
0.34195163502377823,0.3220109780694607,0.6458697356584064,0.7787090874363223,2,0.6262592746624267,0.4570239521926255,0.6469470491633555
0.8004918013126867,0.7538155436017043,0.23118345652890435,0.3177440229847569,2,0.6690535153169479,0.6065122253232189,0.5067453574318609
0.8454677914138113,0.9926289562144271,0.7334779130445266,0.7830328218866147,1,0.12628347258456896,0.6042595159869252,0.0899861417110782
0.9924041136005386,0.18926028962849434,0.4584218766032751,0.5212709180828794,1,0.9457764972463472,0.8271581484276234,0.47331404392123094
0.5300941415291411,0.4613448842751594,0.9183353495661326,0.3390185975112092,3,0.13257407748448236,0.4250024141231975,0.5452287283153077
0.49761446863422654,0.8200638718292436,0.9104945511472287,0.726868933083682,0,0.7746729371817983,0.2754466797905091,0.2827181754160123
0.8211303685935976,0.28363207116600897,0.46023249468939825,0.46856267125122125,1,0.2648163217783188,0.26503491814054747,0.4571630374352133
0.4726428322024143,0.5995764543720576,0.9207687165523744,0.570765069436316,3,0.9335931437012516,0.5361922792822041,0.6003775820700273
0.9446058604828518,0.7597641664267073,0.9969261387990231,0.3564065686005595,3,0.7199595393694795,0.44914820273221256,0.37079015536357657
0.8867302014744094,0.6543869052341611,0.8603325312991585,0.4030142757664617,0,0.753813712978369,0.4401207709849362,0.23219810761279816
0.5431952219000147,0.26922226115387454,0.8758970782041833,0.5085840648470906,2,0.21905917305988332,0.09113733908970723,0.5450828293207293
0.800696854233198,0.41984611181716547,0.39920698888727196,0.36283165039210996,3,0.4430399766351608,0.7186037406901956,0.5927517382743603
0.8036342992677459,0.8054126060368575,0.661361919086205,0.9375783852804207,3,0.6178131945892864,0.2137366879819107,0.3998660835699052
0.2824990950687461,0.598803862718815,0.2538047311738943,0.3042329302287849,3,0.7699736182066009,0.19695363020872136,0.856225586442119
0.9220423253436534,0.10470665218862146,0.2759343494573358,0.6387021532050179,2,0.10395937591238957,0.41275832027739345,0.5269279769356701
0.6042018979582857,0.7848916840252844,0.9991140896266326,0.386273220692786,2,0.9623653164545284,0.22777834161780142,0.46154144529301255
0.8611659728861933,0.13178021944621518,0.46131139954072875,0.515375362634564,0,0.890220670554556,0.5838582673080154,0.47488006713200853
0.4560396808244894,0.771160404458109,0.7985471296390771,0.9482416918727858,1,0.27034859049558435,0.3714633393344715,0.2967483021791207
0.9164185827969604,0.2822325041487137,0.8453320424214532,0.4131861872917908,2,0.822760243032332,0.4489117225927901,0.4876199549751678
0.5113613429873305,0.9622661321074422,0.8864186168057835,0.9760826238028328,1,0.5183239230398234,0.5371693216040289,0.2214447735860719
0.2086701211842387,0.4311466761718761,0.9981026379217253,0.44405606389259517,1,0.46180648156201864,0.20353552248180484,0.5568134149893351
0.9243055811354111,0.3942384547042712,0.3931971882054943,0.8190962759267806,2,0.3144341058114054,0.1557516228655298,0.4389056652696306
0.2730293414289069,0.23399924529920021,0.23228066148775978,0.6826740854281181,3,0.5809685866315925,0.8804219028736048,0.8381526436720952
0.4554509100723319,0.37504379394119336,0.5289532143956688,0.9191351093177313,0,0.7298891177035978,0.43372370283142103,0.4657089475354853
0.960049573640644,0.8889856856453805,0.30406453586315757,0.6877952788521916,1,0.41093290496275825,0.41209360963253916,0.24217798637213117
0.960485717550045,0.9967009038645226,0.2179407113296441,0.674191453409416,3,0.6292191930082921,0.03561215027284148,0.4370443003804557
0.658750310498629,0.43147857745616347,0.48834146171318893,0.4368206002578799,2,0.6993129211553037,0.4979763025873932,0.5913623804147592
0.7054697697358394,0.5037495678590883,0.8269906008601893,0.4163605534361611,1,0.7111218170152859,0.5541697216110001,0.40638762164419917
0.5587564175826558,0.7498638443824633,0.6529445529800567,0.9415424057808599,1,0.05196609813118025,0.5588408709546665,0.2527150972781769
0.43456861735845165,0.8975762024185671,0.45022239136828324,0.5294867391950238,1,0.8597478056850669,0.7070311693228843,0.4668918451038089
0.4629316362959328,0.6337399007681057,0.7234736043941759,0.5604575784740271,3,0.45825331476504794,0.17748183499101178,0.5954381629258484
0.7380147648616309,0.4523731283600464,0.3856145442470486,0.8318765608998717,3,0.26241608169621444,0.2522231342306188,0.5482401654595402
0.8018996235501441,0.47135965676376135,0.21150515685766802,0.5371764376959651,3,0.2417645074796816,0.8107304652304127,0.5567602952170129
0.8332632349806788,0.7260563318471261,0.8114827091491419,0.9664437126473018,1,0.48301411284395046,0.947170616843394,0.15556273026001227
0.8316945142356431,0.10289643724385082,0.6989944678912072,0.8165494382991603,1,0.8868315394689592,0.13593274736732064,0.5032915079399468
0.27296488243895234,0.6576304037138566,0.809842099600768,0.718200469801394,0,0.3783475816826469,0.4976495545052182,0.36148243681100534
0.5955362437620653,0.4199437093972217,0.2311504133501325,0.9166266123813267,0,0.7497257467835433,0.21417625273958685,0.4860041581398134
0.24604700801331544,0.8147775981493758,0.8696957022645218,0.3347241358446379,3,0.0968187309872186,0.06007316835498244,0.5784496237660249
0.6396231058589885,0.18369157584081897,0.6956209600290426,0.4799438845324461,3,0.4760567021510618,0.3255033381261354,0.6721177842747499
0.5532244010987016,0.6293820402535515,0.6507162805701121,0.625525433954637,2,0.9916861403927356,0.14368762518421274,0.5775103278049933
0.9101633462066399,0.5328756008975114,0.6996912384916253,0.4588849776300647,3,0.770437802792337,0.7099330734342463,0.48824590327077644
0.480732010041663,0.6780929733147046,0.8915465974946912,0.8207336311115063,0,0.210528488440613,0.5337254136714444,0.21947142293648986
0.2936536131420847,0.1583682350346715,0.6695492052471257,0.9434456217376075,0,0.5014414736979107,0.14383447099031088,0.5416112593637766
0.31439334564226873,0.6219854086853182,0.6647603039105434,0.5966390839516463,0,0.23362476364856655,0.009241588405514367,0.420899316737059
0.8092085053739779,0.6053361291635714,0.9925433256526126,0.5394928200783264,1,0.40956092726250926,0.8081570490242127,0.22179391712271423
0.6945744506530089,0.6045940849745538,0.8053841336548544,0.9730855124962963,1,0.7800840237349648,0.17619440616424753,0.3419364765248231
0.28089814089823223,0.6431388999368093,0.5538350443609082,0.6113967029792786,3,0.7712248152904037,0.606216642220766,0.7033999036766659
0.26728544489199796,0.708821143503726,0.7659176000263421,0.6423338803144982,2,0.22810037790238513,0.33692191307674557,0.5053060261548478
0.7607753051672961,0.8244900997126928,0.5113843773534308,0.5461549106393337,2,0.9222233181548601,0.5854859383150356,0.4443015019299792
0.25821040509135484,0.3428386481153929,0.3831003699867992,0.9366839311084969,2,0.5925681827648268,0.315653626982324,0.7114062182077127
0.857488047432285,0.8425444691620558,0.6774815015102076,0.6982688382972955,1,0.3799242909620145,0.08693956069225417,0.22905658345519456
0.764993781725197,0.5484301140371083,0.9425456784911612,0.8335222110271512,0,0.5019355807808606,0.2229500085577536,0.20575396111580097
0.26507902451351983,0.16935245122089804,0.9433116160123702,0.8682647028456203,0,0.6050712534377437,0.1880585664790756,0.5117149576445129
0.26787017126815355,0.15269583631958128,0.4735242224843923,0.5392943293420807,1,0.5598905318457854,0.42801935243964384,0.715650585683875
0.9893116628009404,0.4008144868264547,0.6221419729773561,0.6035860319242661,2,0.4864050355361782,0.6582837834261573,0.3829268421794989
0.49941663660489627,0.8064072794003208,0.369308718855889,0.8939302420843851,2,0.5049328040894001,0.26380607494635755,0.48793746619415834
0.49651371765351276,0.7369128412668242,0.9965048875991067,0.5542787461730672,3,0.17641191042788618,0.012069935300617951,0.4649023750963636
0.8502396538060022,0.8097534682051658,0.9848943262943486,0.8557545934162958,3,0.8127329043046794,0.5189373642647569,0.3287574098185462
0.957798861907087,0.5655421507974484,0.7196071437659579,0.9586946258021058,2,0.5417603199410154,0.6057594893589721,0.28491406243114825
0.9888008510582968,0.49617909815994155,0.8435312477419787,0.7362472611476049,1,0.1310798617047031,0.9628704940018097,0.13995493614112917
0.8027025482071533,0.23270727403565555,0.7720801290269601,0.8191391012163223,2,0.7661571015827779,0.5894708030932468,0.48182757950063776
0.5010076684247327,0.39537347824838043,0.6745265752315746,0.8635681184287944,3,0.9324439783773508,0.47117255937814184,0.6655010808194284
0.26680057335893503,0.4906174295564878,0.24267839759111817,0.8915277542276496,2,0.9473068992369621,0.5734016258977038,0.7354752183723989
0.8217175327419495,0.17974038671165551,0.563811474042129,0.5765373364997571,1,0.36901773241117275,0.927900629862027,0.4156018862061106
0.6467233997886441,0.29855075744009013,0.7398290417339284,0.3358844214231987,0,0.13551687356075404,0.8283781456016462,0.3414377574395792
0.5393776073975811,0.6384027646573649,0.7420252911069478,0.5813133898657177,1,0.5183996266330652,0.322978733363808,0.4109628486445276
0.9250835080757889,0.7620968028152708,0.4984980947379069,0.7716293608488628,1,0.11260922934922069,0.23725436365713726,0.20632826931225245
0.2889579858449211,0.9985127602536547,0.9533535893264244,0.6152452700465549,3,0.9339874185126172,0.26263361236607363,0.5572687715365674
0.5941000834326873,0.9398019982092018,0.3338856257894248,0.8242742056022789,1,0.183579627355146,0.504421039715213,0.2945957791823608
0.20908291581393526,0.6783086795816724,0.6002875569724485,0.5498877006280647,1,0.2527658599511641,0.7440494512285778,0.48608312394912584
0.5749285135953011,0.47912324796466477,0.7527071812406583,0.7443208987728207,3,0.40663652688497043,0.5032192071829621,0.5350601114073974
0.24504262054546988,0.6725596282374094,0.7577086447134473,0.4304938633977822,3,0.3831644685591258,0.06779639582811259,0.6722632385420433
0.29505433301445755,0.8070864562722088,0.7189111654150524,0.8245586056514698,0,0.794662892397889,0.7235807004399809,0.3584489388043661
0.2940209974216839,0.2065025718310486,0.4202305707614882,0.681987178169118,2,0.45631682055096234,0.8059701286709539,0.7115140486398241
0.7193682416928509,0.46891440072665946,0.3249652549492976,0.44284507198262035,1,0.1707682600033369,0.28949786511971964,0.45806654593320567
0.7968359034123387,0.8558220570720555,0.7087522614613688,0.5043378214484651,3,0.2672098954860741,0.6641257392833504,0.35637401774868244
0.6666950120777277,0.4454496567397396,0.6794416929115502,0.8240260960072827,0,0.509113385187522,0.4265919010543934,0.3170504642164599
0.9697380387796335,0.6146850441044679,0.3434848082313928,0.6378208649630644,2,0.1474539174261349,0.8891193557274428,0.31721699904538214
0.4998964636189633,0.6289924247759784,0.7641113164564508,0.4512220082751505,3,0.6116556756460141,0.8452255581607399,0.5639875622068278
0.4285696690254886,0.2660286278202754,0.5641375933869252,0.9770898332592084,2,0.5657473065511459,0.5254319983096423,0.6067281247531134
0.8948793025515682,0.4260118974870596,0.7342084732825225,0.8005875138718215,2,0.7147023163822577,0.6915055458135945,0.3876451785819342
0.37887667081556214,0.4010601598677389,0.8698936638161205,0.9699943827778572,1,0.9377046153793677,0.883349701022104,0.4745012675962347
0.970578031552489,0.12357703767885832,0.33578274286153853,0.5989735317522402,1,0.9122545611011557,0.4957170100782755,0.5353630240731297
0.20972357975185307,0.12177258750221973,0.21531589439746934,0.6325702384842042,3,0.9460756180688313,0.31325074048882195,1.0
0.9759030613661113,0.8485273393081961,0.8232820691166294,0.9285686513295133,2,0.24471559702370094,0.7536661379095813,0.12297108468707314
0.2345279295604609,0.3457637289755312,0.6877579401220928,0.6675345381717692,3,0.13156530663935462,0.22006625478469177,0.7044335078924234
0.912914490958457,0.5662708896149339,0.7597116556976975,0.7950952383339669,3,0.3022767004964485,0.38853114800604205,0.3702014783974409
0.6221608872690398,0.36885301622989575,0.8705239799909141,0.476521014246871,2,0.8950851727663146,0.8657272371067937,0.5351666751084242
0.9943718368954404,0.9466113206038065,0.8422487478596004,0.6127085280918483,3,0.9720534746234882,0.7244223402693151,0.31114604089751274
0.2590372517883191,0.33336708297919637,0.9687361175430598,0.38641490606724854,2,0.859324951070476,0.40381100524749924,0.6984476691533156
0.6430834275210566,0.4866911314650416,0.6287480630816946,0.4441860251138732,2,0.1100177211275436,0.2147445024083574,0.483619371534358
0.9754420284952792,0.8854572254361417,0.5907965061279243,0.30066039068734174,2,0.9474279980597932,0.3559683908322365,0.3869494975472606
0.6184782753361191,0.8577402101126278,0.5215097599125841,0.3274855361540622,2,0.423358027350786,0.284104149227433,0.4654358583515823
0.70351891050821,0.2674912760616496,0.32295283427536364,0.9840986762238504,0,0.009310290762353679,0.17608928794385392,0.35564457550710765
0.7565989511876938,0.8223789788161394,0.658085786305618,0.4696475865957336,2,0.4423937407481936,0.7433329135656567,0.3437633351686987
0.5636328518142186,0.5123681980641034,0.421610019460783,0.7643174966528012,1,0.04606916967546759,0.2520698868501715,0.418591109552013
0.7020464640672508,0.5346719848768197,0.9370460097703803,0.8873697891597281,1,0.5438779211611176,0.4541674701677638,0.28845252816108513
0.6674514495384802,0.2201319751743494,0.6665526434216781,0.6854623214655949,1,0.3385540274370513,0.38585944683610907,0.4568915363384447
0.9209264083927913,0.1725413623814122,0.6742721444064881,0.40720115005876933,2,0.47343493359404876,0.9820773786356308,0.46638745224865924
0.2363571042731663,0.7551453762763887,0.48393972870160806,0.8096815061353164,1,0.613170360743117,0.3910922441482205,0.5196748867332823
0.4247705516737843,0.5468150371197698,0.241591481582166,0.7201759870697081,0,0.8688010958178203,0.0799824827967548,0.564976267205413
0.9603291872612469,0.4931656323536616,0.2253950122983909,0.8118754125431624,3,0.6619015764719286,0.08982575257208403,0.5633937548489869
0.912211027112733,0.756557405787157,0.5386681153225581,0.8388226359999609,2,0.4340488684781807,0.5907537213530648,0.28827847653972766
0.5645254022285704,0.7889616090919988,0.2676523024777903,0.9827872573793215,1,0.8194278536703651,0.5993635517382656,0.4268899827595331
0.6961060782412294,0.24301735090241822,0.6854775644321114,0.701494296018697,0,0.9055821375731322,0.41875899048265497,0.44062606310663577
0.42190494638490617,0.6492026345298771,0.904778404511726,0.5391487788834213,3,0.11975996643219722,0.4318436923120297,0.501180142590354
0.3504969277790091,0.22181867404991698,0.9063318532149778,0.753925189830166,0,0.5319329775527915,0.05393258284087121,0.48909013932371714
0.5709587239519858,0.7762375774261411,0.7272363281057859,0.3479084964698383,1,0.28451195974244414,0.5165465103892622,0.3481361544800044
0.48268178242084225,0.6912596406404256,0.36898546517834485,0.9281781228251105,0,0.0470611978769474,0.5047394753803517,0.2920223812438826
0.6669248894806976,0.9609531589751121,0.8903974650870976,0.38356670793673775,3,0.6685466951139853,0.14954931855694453,0.4472344741947423
0.2621877095719879,0.16206221472077909,0.9088747482505666,0.5294899865200727,1,0.8627707774592256,0.10383938611092758,0.6889268817044342
0.9795158461329332,0.1513492490361289,0.357322867962367,0.8710217664382847,3,0.16290265447739405,0.12357249059949049,0.5433274454200565
0.9889685955836824,0.35396836722388014,0.7899408686165419,0.7181186648314982,0,0.8124136576239005,0.10102824649125852,0.28539911934714246
0.7585293712157961,0.3355351153623154,0.42921563914169836,0.5755448641942094,2,0.8533957335369416,0.6097081955367598,0.5899910319114331
0.6288770930752963,0.32228091916479984,0.8421122498823437,0.631404961562515,2,0.9143404426664835,0.19648265240291862,0.5816559023386918
0.4476220930290622,0.915629122468933,0.9977903199228821,0.8981831752415261,2,0.2652850890860524,0.25143015218746345,0.3023412750381376
0.851036015765559,0.3245915798645555,0.22402080426351426,0.5380030702419245,2,0.9039530651898893,0.17357214415143973,0.6491441202027458
0.7477849380431034,0.3447547535157679,0.9178926926327455,0.9087547793685198,3,0.32066275473643224,0.9578353044485031,0.40509550105303554
0.330093551475913,0.7834584361761673,0.6981044268789265,0.36169410168368404,2,0.5523380134555028,0.8546174631518354,0.5259879089472426
0.9287417475950741,0.504765858205486,0.9787060953318569,0.8437589060460415,3,0.05050747083228213,0.23049483735152088,0.30200032185538234
0.8580297943385353,0.799039501259663,0.5720076140211421,0.8932833431383154,1,0.043881088368743604,0.327566293922126,0.1694758623985935
0.9598399306335392,0.15882954180794673,0.877910344457099,0.4272723569861371,2,0.7203732127322029,0.20989284230499716,0.501132757541764
0.7805756067106879,0.5388140743060459,0.2499152548786218,0.6012425726605403,3,0.44447997797779104,0.49187595946082374,0.5799873935502936
0.690732156748632,0.13025224016495437,0.4682232400626366,0.4158498422645589,2,0.25629237536921756,0.019610532474253595,0.6454315918871003
0.5345944290324951,0.15638788310981908,0.253613230200968,0.7946228902959525,2,0.1904134960249102,0.6713680088967957,0.6292693015685809
0.9461827866832107,0.9157937080099698,0.9802745067832566,0.6747434376431597,2,0.6699534908592181,0.5231581498176416,0.19587020601770902
0.8928511116003268,0.22532083400583566,0.8535791258174694,0.7447263426958246,3,0.00040154402533987277,0.8986389283011033,0.3825849448256212
0.23617493608495155,0.5791786140476954,0.8820379369967764,0.4375408768693478,0,0.8058911691968542,0.16439268432841414,0.5099451157031392
0.22109357959780163,0.4699860423406359,0.9503721851471154,0.44822210343669366,2,0.07924960612992882,0.8041092460611317,0.5240405232716493
0.5011706935024397,0.41260899363295844,0.2680827888958283,0.32904812785693444,2,0.19148961490811944,0.7919610144667157,0.6228020761088813
0.8484426646254664,0.9098500111185452,0.5084780740106667,0.5254472746370108,1,0.3862363952990896,0.12718118921688693,0.2729952701823943
0.9898209034519556,0.11964105709794055,0.2568279112352017,0.6918212629335725,0,0.4848587397161036,0.3985592241441276,0.404730299981966
0.3203335128828226,0.6974107175580302,0.3686344812400229,0.9005544397981302,3,0.35499511581394183,0.1701526411445169,0.6424766971394816
0.6753045722817081,0.9670549907921954,0.3834926216301379,0.7668492132210765,1,0.3207121649842939,0.2547205004575489,0.29276526090691957
0.5047126853048172,0.6041513651156577,0.575285768838063,0.604777426379826,2,0.9639160120731884,0.26324617483054435,0.6093962497939766
0.9759315182516826,0.9431402158297827,0.4148497339629141,0.9671840800758964,1,0.6415796812433943,0.5562363940257727,0.17857645904416147
0.873695138508567,0.1470320913574214,0.2807824854542089,0.8034716404030822,1,0.02343295536738821,0.4114109317604655,0.4222897384533943
0.8706629637689103,0.47691398716674527,0.3339928712752862,0.951115642003785,2,0.4301759084443132,0.9477328040063053,0.38704453949386247
0.5749545278359762,0.334142011865846,0.31782045084167276,0.6693115812905159,0,0.8750086997439702,0.12637014194700513,0.5605053280113844
0.5318556018701321,0.7577388684826568,0.9784614383298387,0.4812329923551977,0,0.30145618641066796,0.9736921348501988,0.18920212401591774
0.41872565754456503,0.983167381447522,0.8074340055347788,0.3369786804553054,1,0.09455634477438823,0.23063864021426395,0.3204083620274578
0.2451003973207417,0.33087705619982305,0.9742091722156496,0.8082593960386952,2,0.7583847715899178,0.7728739363818531,0.5996539474652748
0.8917779010040425,0.688757141326667,0.5517923892063268,0.3849120986038739,3,0.6060138319360813,0.3389699261728214,0.4957141385938673
0.850320807304062,0.27828786948376616,0.4226947853301253,0.511942589790377,1,0.5703125078265039,0.1430813954173139,0.5035275500908245
0.9997741386289045,0.6087972291144489,0.8386345577673493,0.6727296355187282,3,0.053576559607407925,0.8578891852462399,0.2559248157766396
0.9973094696591243,0.5175392380195026,0.46100313443291746,0.6950916114458233,1,0.14049900979551733,0.3088608992364632,0.2696975868377137
0.644345364482102,0.9748047966683834,0.43950669896427863,0.7204082378909952,1,0.6225493962131138,0.6588554042268422,0.31090801054118217
0.8151899321444085,0.6476745454268199,0.38600479376626495,0.4163787312447904,2,0.2078238414588358,0.5664436850866266,0.41952815822197115
0.9558125839059424,0.4145557348781369,0.3037431825793883,0.565816183375154,2,0.5040700797484243,0.4717563093908743,0.4827233345307194
0.8797179125419292,0.20268620639914003,0.4051704488134128,0.7320359589818767,3,0.5448816860293935,0.4958194726485391,0.6032570528021624
0.39787848139455817,0.23612214586144112,0.4842557987791102,0.9788732052436493,3,0.2835071902709394,0.7322379140922876,0.6606699431471876
0.5604353082480749,0.3027852369561116,0.7391953665165845,0.809341796389782,0,0.9484251555414929,0.08777291412344057,0.4756507921501417
0.303327532121196,0.3258699952062682,0.25005187377556126,0.9458226299657704,2,0.8424641068355752,0.6681806619579052,0.7384856655524944
0.9632408218069779,0.865554452057024,0.3684055517322744,0.8335484408199239,1,0.7223735076327985,0.8958121013985787,0.2226154136196341
0.684939707560704,0.6051005094542724,0.8472189122333411,0.7142018782246803,1,0.07799386640940908,0.05778819701986415,0.27999055176868537
0.3829142444027702,0.5710518202369298,0.31753753886701663,0.4344163583954411,0,0.10613001930901944,0.14065333923366674,0.4823685435544825
0.7373605475246854,0.20329198468229573,0.4741161172180173,0.766679956324759,2,0.4927813458649557,0.7166319367020314,0.5380644709105534
0.6945025923663166,0.8741257240144915,0.8917271374865121,0.7363656961719349,1,0.16071334919098568,0.43728164824461757,0.16917737808482722
0.48653017442627244,0.7505328728876354,0.32394024891475415,0.7217284193200865,0,0.9782654635294741,0.40354862081368836,0.456894568028595
0.2908460737597032,0.16090152571000144,0.26618946849455194,0.6428501075917685,0,0.15852023402740945,0.13696663454423585,0.624672420713838
0.7372585564742398,0.7370515875067918,0.5876303960640087,0.6700596227924929,1,0.487467835463974,0.5067700407177881,0.31271334106500664
0.6162461607230347,0.5891843956083814,0.44193560902282913,0.5341097689826728,1,0.3641210568415054,0.12654531119637724,0.46177645354431335
0.8178547133885115,0.17355281117210042,0.6507266915870833,0.6635188848496122,3,0.639386421454098,0.4766204563105404,0.6057735588889862
0.6161308008895947,0.5124705773757908,0.8430439123867801,0.43828913397493474,2,0.12903640888942491,0.7636152989616567,0.4024529498840386
0.881745200254832,0.5362266584170423,0.30971879052219453,0.8636220781522637,3,0.4303164280423909,0.2582643578871635,0.5072936492418089
0.6415254710195885,0.2491970861469482,0.664559267643428,0.43004386828909547,0,0.27470503280714365,0.4807861681797273,0.40627129621818814
0.648750377228309,0.9511283323002541,0.6044070083118911,0.3594764029226265,1,0.887751524671688,0.9920159693968357,0.3472472445488206
0.9013228821266761,0.8649778343325958,0.3152630288105597,0.6053722184500101,3,0.040585712134695084,0.6866504233540373,0.3522485826720701
0.5227862929699176,0.7021201035961975,0.699198788423186,0.7608152076542433,0,0.9137274940064593,0.8413567713051986,0.32834330444109167
0.3072121827605126,0.5160660049005465,0.41891233428861735,0.6064017774534789,2,0.8329941385530004,0.41484760656054576,0.7111772576728856
0.2230261410506712,0.4705889874260577,0.59026745483521,0.49372789236591597,1,0.29757071644081545,0.7678609231258553,0.5569461444786785
0.8041098045388952,0.6858761204358588,0.26581785942164954,0.6907198287233085,3,0.7892906546771047,0.040509172941321836,0.5952228235931664
0.6962476410827718,0.590888682466215,0.5676672457708984,0.5429016347885399,2,0.03121356033874756,0.12291118254224498,0.4278718259635699
0.7632638144793789,0.15604579529369705,0.4451707744342563,0.9530073830886432,3,0.9668655502933936,0.20307059292006213,0.7014804044320576
0.3703713292071286,0.5612523838932986,0.8579049689482836,0.9458515977225004,0,0.5265949425897893,0.40195192461521956,0.3389064517959572
0.3090971804694158,0.8257632555095555,0.24558298159789463,0.6516602739804668,2,0.30328102606544527,0.8457448783257632,0.5423744793041706
0.21163573253430557,0.5133158898372623,0.534885819934664,0.5295187958127809,3,0.3625832125946771,0.3462660507879305,0.7420629586164847
0.4804700470452776,0.1467609197988416,0.5667451393051504,0.8159926897696472,2,0.06640535346049736,0.6546211935154629,0.5631628715196495
0.6719341494837066,0.8076503794456298,0.7800048610392951,0.3256990604381466,0,0.9893495140420392,0.7093142948034834,0.3095730490800691
0.5137952360797859,0.281227403922377,0.6594300600721688,0.6323383042305558,2,0.03929194515069245,0.5861823540883414,0.5192252730305951
0.5499799376189833,0.33275875139923494,0.733769869755345,0.5354263759892335,3,0.654907123147859,0.3572419681701362,0.6686451554812106
0.9233269555949988,0.2482357180890663,0.821639428521405,0.9443751195717882,0,0.4427359277064583,0.5770533417135443,0.21142846682821215
0.4786043736186403,0.3971935583843478,0.889762378926551,0.3084021190908778,1,0.9489162181887151,0.3422655927897462,0.5727471843354283
0.6111915913278487,0.7810763551197715,0.4511003973779764,0.6869704130028443,3,0.24599974030679517,0.08387373855201208,0.5152097536048427
0.8269224101929145,0.5674472735535436,0.6304181642911224,0.8184645067466381,3,0.5320868239380113,0.9928039781860144,0.4156536798175652
0.5172342258570162,0.2843931467356413,0.87208646275136,0.6395125912668289,0,0.48235620858275297,0.1271824536325109,0.4214813135674339
0.6976693601822987,0.8900470703368367,0.9915609047720453,0.3597821211139052,0,0.7028664440501013,0.07234838383605735,0.22937047442577155
0.8898909669973962,0.8916236694563763,0.9116154488350106,0.9807229730195315,1,0.06801023195242051,0.8785307492071559,0.006741837528774725
0.9596164989261138,0.8835205825414062,0.49717381009950146,0.6626073019632686,3,0.19378913002335485,0.3018346608928951,0.32778648207373534
0.3176587847432304,0.31491659024338536,0.35613321377492035,0.7299303710233079,0,0.21456482009284983,0.6502969740735076,0.508044917890247
0.9412701001291957,0.5061154097628893,0.591514029925271,0.4656268478952551,1,0.7381507548416897,0.32900572966223285,0.38435791895029475
0.5936930344636306,0.9864906905267876,0.7933131614688338,0.6384486595747627,1,0.18913869632674007,0.39145427079447115,0.21657399225539706
0.4065955106391667,0.7948112286789913,0.594055256602638,0.6004046443708253,0,0.5734917638909767,0.2621129720167965,0.3828216439914603
0.5673086049906091,0.12445067910300384,0.5865446906509348,0.3524270894013886,3,0.2152438205009537,0.3430440057930102,0.7190238728731128
0.9840260602283817,0.15868413213444285,0.8705843368654405,0.37431224748322706,2,0.8616249500839784,0.4107004005865431,0.5076569653107342
0.5940944751942957,0.5175382391310995,0.4891230232537491,0.8862307637331421,2,0.9421854544896385,0.7204160690923429,0.5431998385316001
0.4630012882300066,0.9182981852754042,0.8878357398493166,0.46787396654461316,1,0.5184929749422404,0.5115361942347918,0.32787074803105615
0.7067206834533806,0.5848316181574428,0.5254438407613788,0.4364707900490413,2,0.3523088842091783,0.9435652171569769,0.43758970023055904
0.39211649502255447,0.5480312572308612,0.46258648454267154,0.6534380158750974,2,0.23405777501749914,0.04188039383877551,0.5940361040551525
0.2606906624869312,0.19492632996096754,0.5631919289597592,0.838122991953759,0,0.049781001523043766,0.5030683226320282,0.4893960941104334
0.3031037775285194,0.6911020942518646,0.8099575669398948,0.34336256300529155,1,0.2685000761974954,0.5842247888317181,0.44617220195462415
0.302436671166218,0.839892844540203,0.30080162229119545,0.7037655437467791,3,0.6542357799453179,0.9201969860742739,0.6399230932858231
0.3215221548098355,0.44237800675680616,0.3571353726976139,0.3834473099884013,1,0.5336169313092108,0.049158523621427586,0.6834982451553482
0.31106173811952814,0.7980506658327947,0.9611558605304735,0.32552273557793293,0,0.9440412782809274,0.573499584935216,0.4078880649963043
0.7126997958425718,0.9680289885107305,0.3403933019050859,0.3369207665135522,2,0.3962772624917006,0.853629928527957,0.39149292962525484
0.34550406751931584,0.2833898132149202,0.6541818543448437,0.883914875745909,3,0.6938633423283945,0.24192772811923657,0.7384502115943873
0.4765338266590906,0.5709966680752672,0.6634515733295503,0.3825807385396431,1,0.4893227474751214,0.8762923485239374,0.4552320866159621
0.9174307279248095,0.35842416227611795,0.5916995696401959,0.33160595508860435,2,0.5125762159242117,0.019043409274291823,0.5185965145345893
0.5791693122102979,0.8135689771304554,0.715796198861455,0.6065299210000386,1,0.2677743146041175,0.7324546291337297,0.28068391901750195
0.7340461908168219,0.6198340292930418,0.3838613806380948,0.8907954303594172,3,0.4549507768419997,0.933113221168653,0.47086655482798956
0.3378558969613039,0.6711241757952734,0.6421298142213986,0.4836858635425113,1,0.47078499701270726,0.6571976616400622,0.47984294295314206
0.35383121504693665,0.8181227436543047,0.49773860419751775,0.5951988322681414,1,0.7066425217489339,0.43902924398044796,0.49681486845737266
0.2326948930131831,0.4563734253962094,0.7293338077033513,0.32794577279462583,1,0.9406399991861139,0.04488101647271803,0.6981838871467656
0.33514805045773166,0.9235810615663389,0.3129788346985196,0.6143549598944131,2,0.3293212774825043,0.9201138133226288,0.49329288749687256
0.4228722712255669,0.579725980521526,0.656701933471581,0.7043291564459935,3,0.042200468581298445,0.4702962226915748,0.5372474208743189
0.34160838742139743,0.2421593405518132,0.34821628430665896,0.6996349376265013,3,0.4962951255006397,0.02899674433594801,0.8326562245496111
0.27096202700564453,0.7263092063519222,0.42291445049202914,0.5326986845220556,2,0.5444613321491686,0.6898210713287619,0.6105592747148317
0.29650869688048065,0.8139352153944289,0.3749678402588666,0.5208732264641949,2,0.16844055113191525,0.4818372535762582,0.5480693639026856
0.5686230144261806,0.385085509360774,0.3462702238950537,0.3746365332556185,2,0.7604646062760667,0.12434531744241073,0.714376878802972
0.365066974724634,0.8714613312988777,0.8605687612485335,0.5567588244523878,0,0.9849291084414916,0.21427180931025958,0.3871720282418581
0.4914158888384604,0.9155289292891897,0.4285660541287123,0.36964626821107527,1,0.9457747170084609,0.06449068045584627,0.5285332058574033
0.6027338166838856,0.34921403864002803,0.9416990254915596,0.8366171612984361,1,0.19710603882365219,0.5742935397085736,0.32590179081910736
0.7523158629034923,0.9851693254436998,0.9759412202761528,0.9763920084237301,3,0.8753632399007607,0.6220294792520092,0.2992019513800536
0.23144971187287916,0.22664037524388259,0.6570083759496779,0.9790521196666948,1,0.7044936364116847,0.5057422983554444,0.6182638606974812
0.8395283191272342,0.28181410156224096,0.31440089813258115,0.9055497695627757,0,0.4538465638069116,0.8171021330026149,0.333236265855271
0.7023203115927263,0.2658023553142235,0.499638594703665,0.7205545045377333,2,0.540610994324729,0.8610088213080136,0.5301783826036589
0.26540722555909757,0.9045907390070834,0.8381858106785713,0.7906059880707159,3,0.8496001749824581,0.6156243966831266,0.5548167433860521
0.8988628992854217,0.6888632970924656,0.4939125829576564,0.49964406187628985,3,0.48013493963837317,0.012756479707430546,0.49445539439924585
0.9366979204254506,0.2368938549000456,0.269613774642231,0.7415392941208344,1,0.37320736910512686,0.6952296557477357,0.4148798799061151
0.24886236788389102,0.49629107653151405,0.6454279287425504,0.6189546846079141,3,0.4932474930259858,0.4179992169203516,0.709974785484078
0.421502118517763,0.6537682225628219,0.8760966811968278,0.6374121378438526,2,0.5791298040350491,0.565557483226387,0.476200105999713
0.8449610238344492,0.17511767649044496,0.8367411097148019,0.8304435922626106,3,0.18907765377834884,0.6490806020188844,0.45176015846530476
0.7986077523069268,0.8941747315666049,0.3400985121042826,0.4973428489180761,2,0.9009077302669907,0.35023661432707676,0.4688791157790108
0.34761681548510187,0.8232431818973817,0.7382116915299735,0.5226277281861639,0,0.6741869488296138,0.9170985051717943,0.34266214196123507
0.36747945866936826,0.5546860962189745,0.3764034107485177,0.9472492537900457,0,0.6332689173374889,0.1339748667497812,0.48246574943463766
0.49637768223310563,0.9704139537332533,0.3745660276417378,0.33935700639568056,2,0.09949622618063814,0.6715118072810374,0.4319368898571661
0.5876183881528171,0.47598488134758976,0.8992574186441482,0.6399440088893382,1,0.6041739381725918,0.004359579956580428,0.43360163895481124
0.6946038172242368,0.985699287132848,0.39973516219218413,0.9389605602855031,3,0.12096066223849233,0.9246511054051808,0.3195611206578194
0.49513091165581796,0.7011279989232644,0.410597877214409,0.7272541054727099,1,0.07869767519539905,0.1125041332380915,0.4112409411647673
0.5700277729065184,0.6712041459285473,0.20052271260903964,0.6824849519484923,3,0.5273108956423933,0.09488423014757463,0.6583205452321146
0.7979767505070052,0.24935940576620652,0.8965352273004141,0.47482092546054866,0,0.402785534046495,0.33300763305224423,0.3211450833247761
0.22934656231247832,0.8937349824741796,0.8340758505673078,0.5402928423451138,0,0.5888102701562232,0.3735662860390806,0.3689241613759683
0.4019495554752166,0.48474071912855365,0.7018631480725424,0.896433891063285,0,0.0892221680572386,0.21430007232287862,0.3409550333067262
0.770679668707642,0.24601006520423144,0.8002126111510739,0.6914526922379207,3,0.4309830628472584,0.5851216609271247,0.5265586392728326
0.9161654701497595,0.11134676797818314,0.32163885393959346,0.6603195356297459,0,0.17478671504515797,0.4429140980419636,0.3758925402235904
0.6093419536925329,0.6037801152745443,0.5666588756700603,0.36970579947802024,0,0.9871000859241166,0.03417558904108742,0.48144912957978314
0.6256907882122525,0.5746596599104087,0.4809755098790247,0.3112197095185862,0,0.5611502124351744,0.31965206225530063,0.4281841158106784
0.2857376090718209,0.7474182601322427,0.2750212210056132,0.9745796320809343,0,0.6874368609408673,0.8104329135731705,0.4326922384083938
0.5579298934587638,0.901232247716022,0.5889043881719394,0.5638903171007892,1,0.3254182806826078,0.6897015348618686,0.30842991691038374
0.6260938131640186,0.17146592617872658,0.9365917202741083,0.722249143469653,0,0.09473891477934415,0.7248708535798805,0.2881023768648627
0.39397640290778374,0.7583468413063261,0.2320472952405556,0.3558005512310995,0,0.9758708627835366,0.6981169240835235,0.5402108596158499
0.4153945847595048,0.268670749687824,0.43316873079503515,0.7781800000061325,1,0.2862590353831832,0.3109730213830333,0.5702867530243138
0.5018273304836982,0.8723593478414475,0.3660327489645628,0.9527966960941725,1,0.4238081851735742,0.09966392207677588,0.3869164912368979
0.2160569582221811,0.8371571624754904,0.3905173229325571,0.7029656770981938,3,0.649863921702575,0.272467184033096,0.6994504965216554
0.45766333246654267,0.58671437948699,0.9267476415035003,0.3882807256627874,2,0.024697297686111286,0.8317853001851593,0.407381610853133
0.36915840559723573,0.7392185187609803,0.5744552433874321,0.7072050692314337,0,0.8102591305172869,0.9804707977830711,0.3835477500984664
0.46199788174233175,0.3829151018653736,0.5730395303518551,0.8364430491732566,0,0.5365781900286203,0.49384701474156134,0.4307767631895883
0.295809705455401,0.5240511090395332,0.8084605139642258,0.584491575601813,0,0.27821718706882215,0.00970035492304222,0.43307673561834564
0.912421824591916,0.8394732079394245,0.3235937632039407,0.9158864235590274,3,0.06160798529246925,0.14004481213422904,0.351455644553156
0.674873962843239,0.5133386774558926,0.5898122832800407,0.754078067350155,0,0.16249841547444144,0.32208057531626577,0.2810549714396056
0.7432818553155918,0.4220184387928976,0.5439881712968477,0.9294742428024416,2,0.8950338588534369,0.5785853485929497,0.5017195165525745
0.8313369908858708,0.5447912025252699,0.6775285524373249,0.7364537178731361,1,0.686024223935891,0.07509364580531397,0.36571076271140607
0.5987537591432459,0.8454243271934965,0.999646162600351,0.39190158040337697,3,0.24990172163688984,0.9433572987098816,0.36151650694722587
0.26953623046993896,0.4016872426337855,0.8155591152656376,0.5167841977736324,1,0.06560076494502953,0.3650836732844007,0.5028420815507417
0.6296852334548382,0.25638543382216944,0.5182925624139418,0.4412564637767198,0,0.6906153123866363,0.912584217924823,0.4681793584886417
0.6694728944167033,0.7408126182977027,0.8620424418192376,0.9361785484018035,0,0.5724077259677651,0.7805218027570218,0.15660181546149282
0.796351579347464,0.8433803914372736,0.3365666906499841,0.8322800471012377,0,0.404519524458235,0.7554372725155811,0.1879539180438194
0.5453276369837435,0.19057373067118,0.22437094904716812,0.7734788582370042,2,0.36361144919006383,0.606719579782232,0.6549033249516696
0.302064242236451,0.31588670148035025,0.3635586979714185,0.5106764237421352,2,0.2168142759291083,0.6267838170518446,0.692146194516534
0.4270207246389796,0.22777479078489452,0.47232924489140776,0.4288313404351495,3,0.6696112565375176,0.6380032352162481,0.7988360070594914
0.4904658371189081,0.41314727042394994,0.608464605967648,0.8295157615922382,1,0.9706680277938705,0.6287213870255821,0.5314864872037225
0.7167337930652811,0.5053158810148713,0.6921033124329599,0.6319105621153558,0,0.17571524583682585,0.5537282313983612,0.24852646126463787
0.6566226437351295,0.7739437032669758,0.9284845737715375,0.4580526865054404,0,0.5971166200155034,0.9864140184828889,0.1955063236551526
0.484877380718277,0.6860328263935067,0.6078832076403662,0.7316353847156924,0,0.4241850557459762,0.7322905674256961,0.3075949317726063
0.9892121990343838,0.658835710730588,0.6010205157005835,0.32823369649691636,0,0.4466887217446649,0.7769463883925212,0.19171412235099117
0.6846198554855097,0.417137451948689,0.24019440785838572,0.5283191778897774,2,0.2541472801278144,0.8724628150836742,0.534680417339198
0.3897814333887956,0.8573027977762839,0.22792924212497906,0.6279898962137942,1,0.8251348756614191,0.21563976272584917,0.5602510752050339
0.281425978096323,0.5241584506583481,0.6409279695330976,0.4035708338765841,1,0.4852556041472411,0.08380415909506078,0.5994550081157921
0.32228731134746563,0.9811944442136391,0.5505428905986756,0.9892581343135876,3,0.5434058521982641,0.48289443659859865,0.5105996218668747
0.39676618270760655,0.6707279244661631,0.8713443159842389,0.44636815521273,2,0.30476091279732576,0.5140806956192732,0.47290492327324374
0.3285450986076446,0.21363826740805247,0.3285436677694762,0.3912471910302859,0,0.18180846566694975,0.8291817799499177,0.5713839226272173
0.3492536192410446,0.7085598058678906,0.2199773296936397,0.44247441172082747,1,0.08591038820282049,0.4437835792823357,0.5226684957712759
0.4280761349550777,0.3925936138885291,0.5592310143441007,0.8383427932118068,1,0.7141191409249159,0.5708530255443127,0.53652925652039
0.33869887623580386,0.7176944770174877,0.389982845401806,0.5978539614902899,2,0.19623428168785562,0.5270709385134583,0.5469990686493647
0.9174123397011402,0.16267703334616518,0.23969149867106998,0.6957911578267766,3,0.6900753541887977,0.03820278375739106,0.6974516327312201
0.26418699652931377,0.2573932934583635,0.7796786294781033,0.3147064098904525,3,0.3903764460469539,0.615214896596914,0.7598140105887361
0.6196091116562037,0.8701635330152077,0.289274399965798,0.32410191600132016,0,0.41577480098965147,0.8280432857742522,0.3257349442762132
0.5283174615917292,0.3044616013211634,0.6866556000062174,0.6120778848789112,3,0.4691774960927717,0.15750054807580383,0.6714101764182175
0.9859028935268852,0.853337012718646,0.42483980013351136,0.8716586702411364,1,0.3677085081275432,0.5943317339265958,0.17014013560420482
0.2896311217344419,0.3513484796089694,0.33879684028401763,0.9196672150952956,3,0.10061997722259008,0.5936105444464144,0.6904945595189634
0.5182844792365933,0.6785937190528368,0.503801218335454,0.36069459731694814,0,0.3096318100028458,0.16418496405635874,0.3994028419072047
0.9755763466202951,0.7247355161588479,0.841156620978363,0.6768541714707159,1,0.6637343606939384,0.12346357373073602,0.22640248780234873
0.8924057007151842,0.5613892778305477,0.5136748615236582,0.9392607803954893,3,0.665784401468871,0.9800519429764848,0.42191141734008547
0.8536576567594241,0.3747796090270582,0.8006157193688446,0.5715809280785205,3,0.28622430723999437,0.39371916965303755,0.4688391851940098
0.40632226163595186,0.2913799387339865,0.30038903743932055,0.8806960819998579,2,0.46010262655768797,0.22742172872352928,0.6857236425423694
0.33671006991205266,0.1298704191061836,0.8182171357320633,0.3935869580796053,0,0.19344722801193748,0.17132454445437495,0.5349546669305566
0.7349145759395448,0.37355176111665145,0.38954665992531895,0.954776142767459,3,0.21037208152983577,0.6676017135832351,0.515615476349866
0.9435007913020688,0.6878465114781547,0.7419145039110984,0.8259963222719118,2,0.023047088406607408,0.6094452973272788,0.1927759222441918
0.6454103144111438,0.9444743366036344,0.6526252438727971,0.958934074950831,1,0.8967465499077446,0.6435521229874175,0.2789824216967662
0.65729015157592,0.8840840340367468,0.9433157737693498,0.7736320634867545,2,0.2107066650749062,0.08800602751145226,0.2690519853383938
0.42398327492822735,0.7894582988817723,0.5098580143802512,0.5543827523995989,2,0.22753387693646332,0.893534583498437,0.4526926544457818
0.8155943465535496,0.8096026089279688,0.2529321510675524,0.9567268207673056,3,0.2796014326451318,0.3892663968090483,0.41876201695729315
0.3496349988460187,0.6984864131283958,0.21532438844100232,0.4928967434164249,3,0.127408071695429,0.31336940643035793,0.6809328411845368
0.45894338912339494,0.3342581718094027,0.8614868487782026,0.5325207654432127,3,0.6392628831813628,0.4623614472477392,0.6639253481425863
0.5403491508931335,0.9164755276352469,0.6197885101291458,0.7905658926012182,2,0.07514295317758657,0.39006606574762825,0.32890000153341387
0.6060883029475641,0.7036590807152506,0.8201952414679594,0.8357214096677703,1,0.13420242632635027,0.8635770031391459,0.2174631665133513
0.39392778593206423,0.6043965678823959,0.38754048000921176,0.9505824386944077,0,0.6447567265900929,0.9292609751978921,0.39887301274916964
0.29186945979136286,0.19989052229213297,0.47606699641058703,0.44336168633934664,2,0.33966062048144274,0.3034532164496062,0.756557442028734
0.6884960339533062,0.5023499894257829,0.22408309776905516,0.8585986246534567,3,0.707947826701189,0.8639358074599548,0.6036669436614239
0.4309044425922046,0.5143224440817337,0.9691938596592897,0.8169822373778743,0,0.557424744670142,0.7815231295330671,0.3016974126570203
0.6649905771380898,0.878107248570403,0.7342943253606509,0.3446561893775185,1,0.25602117306151306,0.9308076723447618,0.24845472613972555
0.3234901722193619,0.5919833981690097,0.9465640702074449,0.5710561988471448,0,0.6508279504893281,0.24575031218588783,0.4119934557629739
0.584912081483854,0.44236049407336875,0.4123971259432579,0.497935819942069,3,0.11627368029288065,0.5769591501209791,0.6049747534996323
0.6260715460412687,0.9791202956595934,0.6891708889805287,0.5131432970478212,2,0.5364103830800304,0.27454458474044463,0.3804797448472622
0.24145882945794153,0.1996485339936841,0.7427999746341103,0.9880628156882905,2,0.43714810504503465,0.8240944904843742,0.6131087132283
0.4692834225551365,0.4802935854807502,0.4540397602060708,0.7499441894359495,3,0.2678735828174408,0.005324190571064258,0.6541228786182877
0.3075317415511794,0.13782220765426478,0.8784873880125041,0.8023733104554496,2,0.6040049977395001,0.5648191628863961,0.6477782002931007
0.25069997637821423,0.7659137086902373,0.9577291703201982,0.9836323461205063,3,0.8713335923402825,0.339203431271918,0.5696897756035741
0.9919681859119562,0.9262688969792355,0.9078840941568036,0.564041247720347,2,0.9989046997630767,0.32268370707782024,0.270884377563883
0.4578830759797784,0.35203359659544053,0.791253580751498,0.861288117916964,2,0.6077627687434245,0.644906323864917,0.5353947482643545
0.847899556683708,0.8725075091192088,0.42197174377996327,0.6041716743131467,2,0.40470587432917016,0.8514844493139939,0.31443018447591004
0.4037125238110111,0.36299640741570804,0.42529283368450543,0.9086735702704858,1,0.2252071002162016,0.6091953913933262,0.4988946610840661
0.7452021777791435,0.9196931454795237,0.9706882563568304,0.4264602789179122,1,0.25709608939511175,0.8531729786467225,0.1490030667056494
0.8081822879117493,0.7785657132371055,0.20822759674855362,0.9633803239449956,3,0.4794549781497657,0.26459711188102997,0.4777126926371484
0.6765109924862754,0.8244160991572947,0.7728399785937157,0.4531401958876158,1,0.36727770128070925,0.5195018547649811,0.2819640322588811
0.5772609508401267,0.11620590004040905,0.7649969300442099,0.5283543548866521,3,0.9138145226249442,0.450536539067076,0.7472169280150703
0.5294727313178149,0.9665293213666234,0.698151632759838,0.8293345638747462,0,0.36829546765570953,0.011644899503096218,0.2197015921495717
0.4790946132343963,0.754003892863291,0.9920870768694927,0.5756285990957847,0,0.3734445911454355,0.5568121431407401,0.23379091167554786
0.9436233153982607,0.37427598584752,0.4495035486109802,0.7257479637365126,1,0.38353451243397696,0.6615243241461749,0.33900616102626974
0.8644955262301834,0.8464551983729622,0.4719774910345986,0.6112014507485999,0,0.8366202103676581,0.5919144044190701,0.23990406071297204
0.9720215285332101,0.353369078573437,0.2631515223572445,0.8196589559628473,0,0.6507883208469019,0.7362798987834215,0.32238389342308343
0.2994377787884358,0.8854784556095151,0.55423850923499,0.4598318766580276,2,0.6141688503188927,0.5713395284530771,0.5543129604303711
0.7846939801629154,0.20132235137074334,0.4088388209878785,0.3409205910658139,2,0.3341430223838622,0.06675025485075692,0.6222197771992024
0.9506723654568303,0.7333173797147162,0.4747093617421154,0.5099505782311463,3,0.8179041768324394,0.11644552408471143,0.5070280543270222
0.34498645293252816,0.5866286289804193,0.8676574322045021,0.6320160654079012,0,0.038363861355701134,0.5964745775439524,0.2989072846387085
0.25319701389342203,0.18688102317589672,0.9483876108219966,0.417614036534875,3,0.8707971723381132,0.2749791919736402,0.8275184226717086
0.7928965194320472,0.31770444543295506,0.3485864576041485,0.548358102759472,3,0.5127498997939296,0.07964512903476584,0.6663499343289432
0.6595784905439295,0.11116363264958332,0.49800714524277273,0.579988112805498,0,0.3982502348634128,0.42960274344854676,0.4764449148107981
0.8734630214066177,0.5218911689180553,0.9429044496923153,0.3401742905817915,1,0.4971672807176857,0.5543225980836554,0.29410201301861877
0.3118179013010316,0.3711387346840004,0.24944676855137812,0.7083150737289432,0,0.6674155305338311,0.32874598834960655,0.6100151051819956
0.8362138494879121,0.6385217358679829,0.27388842248910283,0.9190403995799012,2,0.01276542651789736,0.720433702225778,0.3258384087989771
0.36130185603819565,0.3675140269377555,0.3302327913649835,0.40622003906713666,0,0.8715518564582477,0.6437706081012446,0.6262558989981791
0.3309247542925636,0.36992720035628623,0.6761702673014998,0.7184656093810597,1,0.4467395253113928,0.33281836109167195,0.5488571777258887
0.3314126383447944,0.768873878858443,0.320377816804798,0.7653174434375923,3,0.3429665197000782,0.7548725289085606,0.6033818579466814
0.8516597761851057,0.14332855238051811,0.9744611051605869,0.5935342762935019,3,0.1382455656340571,0.6486950425330354,0.45563781471655584
0.7321577765569602,0.9126054956727885,0.5573716218068163,0.7907683111549889,2,0.43946537435844213,0.6374453787179021,0.308763290772589
0.6184523398152955,0.8670374869520633,0.6012143682801332,0.5875120804437084,2,0.49632277128437885,0.553427700787068,0.3982076148322467
0.487064387298802,0.7010242149037659,0.3973268926443252,0.6532461015842044,2,0.4036466944934778,0.011389668088552796,0.5559575060941783
0.9017604326504867,0.6338994130966459,0.5767682019477869,0.3051471311880989,3,0.6786600938268971,0.6965071834768891,0.4987754572625431
0.5139560859381083,0.903072248325687,0.7295309061096094,0.7842040798942822,2,0.420896528759226,0.3760417911091565,0.3709062166197685
0.8532795515772618,0.266797161575843,0.8009417095632343,0.762939875261307,0,0.9614175778465733,0.9426097101586556,0.31178331481451577
0.5513079268561747,0.17107224597174575,0.8030944661679305,0.32688061412844116,3,0.5992775178235918,0.8179847710772054,0.6889112721270578
0.5015555435399262,0.3155591529185843,0.6623128901552706,0.5577750751765931,1,0.807477935651909,0.5876944695313122,0.5630300738333183
0.5701438285356852,0.8151204508301713,0.9234878199950858,0.985322288554167,3,0.10935590310947885,0.25218198181926943,0.3407535912073742
0.4411022993313137,0.131203240053835,0.8539262778448875,0.5945155937980318,0,0.3972912929459057,0.20371739327766658,0.48663402477313433
0.7980875041410009,0.6245261515751407,0.8056384917589003,0.6513617835922891,0,0.3368477014471527,0.3403848376775491,0.19534237257015677
0.6021763120739834,0.9958937645721789,0.24448441734436852,0.9369511107118029,2,0.5694823881365918,0.4765679435800185,0.40993690008672073
0.38577015611745386,0.8701264844537855,0.20550236977571945,0.8020833131060294,3,0.8611135200614256,0.2960655100389471,0.6830215519480085
0.9196596586196548,0.5693011201392305,0.36995782175637837,0.7074490917869565,3,0.07833821776200667,0.5149294953924828,0.42316058176157
0.5071129770985692,0.15727681835797813,0.7308188751307618,0.8584632769387508,3,0.07257479804471079,0.16537042551318593,0.6179289174752022
0.6348422888911909,0.8482361629471389,0.5289579911060367,0.9050563865191812,1,0.8503177081575989,0.9777128128254999,0.31476930538039727
0.9251776887716376,0.6390806573594895,0.5219250074394495,0.6198216502160867,2,0.21285008603835742,0.10792455496499387,0.35653867372605713
0.6993903967311936,0.20343969735361017,0.9076695105836909,0.6325758554522847,0,0.6687532544498137,0.9319441396543721,0.3402031529671512
0.2935184325666913,0.18447155634102058,0.9164502785054711,0.570235654956285,0,0.5428781323608052,0.9135780114026949,0.48423232824091006
0.9518656988907801,0.9186641374929332,0.9273402112428686,0.9766942980129223,2,0.8328935948872295,0.525360481819498,0.18407721576747044
0.7021664424571343,0.7022802366442706,0.45110246121202185,0.7880163780032452,0,0.12508890983640353,0.7249102718360844,0.20636978613298357
0.4679244917256689,0.84635811938508,0.7528446501914094,0.3582561463456506,0,0.12978296572261128,0.4360482979725878,0.26832148975440645
0.3114176581307098,0.8910810102540406,0.4173065450194957,0.9040717363191129,2,0.5568183602783076,0.6300345775424382,0.5006990066969983
0.8352201514162367,0.61459511684349,0.3524878664595599,0.6363919585853877,0,0.9463786533583709,0.3405759374211187,0.37534888897355867
0.6960582047428108,0.5657017165795372,0.3477059658778954,0.3481277344957412,3,0.41499775837075425,0.30115901978544535,0.6282104148702793
0.6267688735810573,0.48738466928889124,0.47368609669087525,0.6848020786143176,1,0.32694210025469495,0.5782297861695137,0.42024637988489
0.9151140664407662,0.38525192901200733,0.5439660958238575,0.5920149952829914,2,0.6066893231978858,0.49812967418398035,0.46272977760836864
0.8308777689796247,0.4911363647728406,0.8647593368440547,0.9144245834038374,1,0.9304486005450311,0.5795363691499811,0.313345202831267
0.321339903786201,0.7964916901571407,0.2959128747781697,0.44279622252657114,0,0.8369278328446237,0.286660581287023,0.5386453522322743
0.4493776542364386,0.6417310879136184,0.7879406779159155,0.878525226644528,0,0.9954836107332199,0.36695783181699526,0.38279614888717406
0.3987913118515726,0.9032709609593614,0.6251639313514443,0.6903820838298169,3,0.02256858320237709,0.08389796062890931,0.4857722800425532
0.7951570340581415,0.49904201294126893,0.430356274140794,0.3382272122494283,2,0.11285814471276223,0.05227637227220572,0.49571597684861
0.22682594778862353,0.6463806208468786,0.5942556676262597,0.9802917109278393,0,0.609467763366622,0.25345712967301626,0.4422410509731604
0.6559117478970533,0.6681767977827898,0.43995365582161816,0.6588306708722399,2,0.8205764393338497,0.07424685933054576,0.5500437842484845
0.8099669485925525,0.632527446075693,0.6768655641906448,0.5036137979621077,2,0.28524434230676654,0.1037747086347407,0.3944651281071767
0.9014125094093997,0.7323703957769647,0.5470751382841954,0.6285847893924806,2,0.23921108803421876,0.8129284053939371,0.28346419076746665
0.47366539897272597,0.3136901215373257,0.331524423263103,0.9005004484622423,2,0.7869757993812009,0.0388736970166893,0.7064357886994248
0.8570058437376102,0.5611273997912116,0.2932664596445574,0.5134321870695444,2,0.05638185385323158,0.6589427939347428,0.4067958699100631
0.2885053895641658,0.1938023225275129,0.6373565456577042,0.43487347754069017,1,0.3693826475825851,0.2725577488154005,0.6589353999038334
0.8771618333876146,0.44606019488033133,0.9219304266288828,0.390349872851617,3,0.5058092225923297,0.8715456807081264,0.4364699050061755
0.30199092986558596,0.538900361759138,0.4751661492461485,0.5085015788731478,2,0.5603486743503234,0.48499228457749954,0.6633942270680762
0.5178298324482938,0.6870018335909253,0.7864000857780986,0.8460336609280303,1,0.7286151567927769,0.30557645932782573,0.3881989616396796
0.8378362926236429,0.9554779473275832,0.7269290839518137,0.6301384556366831,0,0.35484572343065823,0.5176389356894345,0.09407573240100862
0.319933941879019,0.6405859598935203,0.9452439314475849,0.459237122585478,2,0.6126843446746072,0.3819580190452688,0.5463939259325687
0.3834011161861132,0.7692345245589038,0.8567848138393128,0.4163294997268244,0,0.5853754227909563,0.5643010646698302,0.34771837475288353
0.7778020547144531,0.5556394535456824,0.6532842071243704,0.5329106335572653,2,0.5476161006537471,0.11453286832634824,0.46716828651086295
0.7760292292368596,0.6706936282386982,0.7256243985872859,0.957947061019996,1,0.6404832931422122,0.9969905028125511,0.23212545836846138
0.7129181063082379,0.16383899452039608,0.9187091732672279,0.540118698813017,1,0.2594491710680763,0.42555587769671754,0.4082150221450283
0.7551587555736801,0.3289524227576623,0.5196150276695479,0.9916868531682448,1,0.08464875358462898,0.34823063970736867,0.346091945612898
0.634179554678077,0.4256677838846249,0.46143576468622194,0.6396613190357493,3,0.11927167203974343,0.7102098483162649,0.5510684786675474
0.4014392471255622,0.5252440195058622,0.2086488669081571,0.4254147428031056,0,0.22458238265390107,0.3638994064953325,0.5151875746271052
0.47655679480313556,0.14108387095214536,0.8612408593531715,0.9237980642554566,3,0.5001979355227852,0.8332743050287577,0.6093727539541193
0.34527817344114053,0.22602168779798593,0.840784560322692,0.6222487611943788,2,0.8404427505460201,0.45427072436042526,0.6854453175048485
0.9267604490669028,0.3491328770121752,0.28356361448012113,0.7967699404531671,0,0.7012933420883841,0.7195584132654349,0.34764316006588003
0.6667134358128963,0.9743794218109456,0.6614859049061602,0.9885981082464061,1,0.7890406042020471,0.10745321644188655,0.27961411759139143
0.5206811334109119,0.39821230639274574,0.5711853585335099,0.3351227452239818,0,0.3509756239260914,0.8461191855551118,0.42566828624540765
0.5696046429153061,0.5338369523008742,0.2949672764072892,0.367686191851297,1,0.40465374164855017,0.7357179867781098,0.5129671984915148
0.9578266716894523,0.2764879414645537,0.9844545816485788,0.8043197190239293,3,0.3936818859906128,0.21171677846196568,0.41417504715828674
0.3226811224928642,0.6497020639681914,0.3717567099706844,0.4972775023068304,3,0.19187318440450152,0.14528600974578665,0.6918152935593037
0.6689838656134378,0.35261489396437684,0.25378734407244896,0.42901097786506937,1,0.06121665814357202,0.3162923487256244,0.5101478430293246
0.6047109431075728,0.2862933205945841,0.6758779036015277,0.32755331587381065,1,0.5909160928272268,0.9760705860319043,0.504512608341726
0.6891633883477183,0.5649153656013812,0.7910933417064261,0.31529269839034124,2,0.9892166834205861,0.25683157456705863,0.5526126844291729
0.2144881470566724,0.10495521924437874,0.22595475683774957,0.8421399221838535,3,0.16682970495026284,0.4561272089466333,0.8458245821445133
0.8976991271553212,0.1068976293843028,0.7269741109816177,0.394103399158685,3,0.046684819899273755,0.030020225717336313,0.5647389519763888
0.9456946259868899,0.297161928191672,0.6258335007611635,0.6274044311798056,2,0.779531681823933,0.39722752956623253,0.48682957246041675
0.6521065468713672,0.13304922625073903,0.28261200710003875,0.7241277706256382,3,0.2525860066847242,0.5713200154331027,0.6865963337284398
0.7573206591015138,0.19722317871762224,0.3380191015570897,0.5998462603981923,1,0.8296438053529284,0.9531246125079651,0.5456428578238164
0.9379995049418366,0.40497458440487644,0.6543794378528645,0.3189746566353632,0,0.7039366670345154,0.5167360449400644,0.3309527085464476
0.765790907450719,0.8223271116218316,0.4370860908106307,0.8484510518115362,0,0.9456735370508046,0.8191073261776878,0.25533815403509286
0.3220312343314091,0.6148437790323708,0.9506525829210528,0.3073592571791574,3,0.408927235756672,0.5471276425689006,0.6054131214120343
0.6610306881334506,0.5614009533607748,0.8549921835872407,0.8333229260642387,2,0.6619698394506341,0.0407850134355181,0.44211671938498337
0.6853720371062848,0.3641399408873095,0.9868537652109304,0.9253131456516859,1,0.4648547808132707,0.31500827518977403,0.3265620582240945
0.5393045370419088,0.9385783474895347,0.4077366711603312,0.6029879447400206,0,0.6305886973085435,0.5755495078311033,0.3181925000386018
0.7891553884997784,0.45731353711347256,0.9757789062383817,0.6748797311684587,1,0.44959890600773733,0.9505939659311243,0.2517311994608545
0.947493611815212,0.17838349011619437,0.5449870958332463,0.6338883748323576,3,0.18863224642407483,0.8591303597512333,0.49063015379425484
0.9404548103254211,0.6553598645060211,0.4780150362510037,0.5724460330364072,3,0.5078974160033809,0.22835561417884764,0.47018977492575786
0.5606714971233058,0.20245455412894126,0.2402796215754826,0.9211971747592522,0,0.5285842014374423,0.2201098300191635,0.5269085907746817
0.2905904366726042,0.4107008285215229,0.2422122062876821,0.9257534574689934,3,0.8106038482601611,0.20117296711390076,0.8255753541216684
0.9878729591698676,0.556670744846028,0.7536090047573238,0.5350714552490742,2,0.7355207057935812,0.9224988963025031,0.3361702395628334
0.8711184691567473,0.8868002722166582,0.5663431955472223,0.7305488278102885,3,0.6637916239414441,0.8526661531017207,0.362522278396158
0.2997301449626135,0.5441919223061068,0.3812173008288846,0.9488352935021049,3,0.11338709555257254,0.7748834322529488,0.6054592193488637
0.936673506093898,0.7320328894284979,0.6911762450601862,0.973440949258946,3,0.720616290663715,0.3927351142242276,0.36285792435502645
0.8959170896497026,0.9935351550991633,0.402286494600089,0.6562713282954332,1,0.5003051563545148,0.5043807042987668,0.22443585349569625
0.6150704457008578,0.21834020790818348,0.662105403475538,0.6169773636990288,1,0.8940995361061592,0.4643317447951528,0.5630392175689695
0.6730203485959434,0.34725837296756756,0.4873669975861523,0.495086021149968,0,0.9198709341305428,0.25339810755937264,0.5063871667787252
0.5192021630961042,0.4551184680378818,0.8588417812894553,0.971210311233287,0,0.05515659060178546,0.505028046148767,0.23516414077401293
0.24380931105762507,0.47964536068494823,0.8565569286134236,0.3999700131310071,0,0.8206415603544788,0.030496547852754463,0.559286364810873
0.46815779331672075,0.4699189677389912,0.5818803184979211,0.7058807032334075,3,0.03769739042267062,0.13181037349745917,0.5930729573690732
0.8422827588784092,0.9168499023008995,0.4806552874680125,0.4977851872630472,1,0.36716962569502265,0.8865895961689464,0.2250425182971441
0.2037056184036823,0.7426293800201708,0.49004783724727563,0.49530580324345763,2,0.5422999756210791,0.7516797670314233,0.6162764392890494
0.46679933735291534,0.6471146926816334,0.8445716205345744,0.5834780111633319,3,0.14810079862712744,0.42286840905908707,0.49690343979312684
0.5185349548727547,0.3784354460765039,0.4625435862380896,0.999155055070958,3,0.7463138125690768,0.5171503622838772,0.6601390715695561
0.6299164823503383,0.8414113457991652,0.3672474989654768,0.33847641478787543,3,0.008354704172138572,0.36999888595997743,0.5044025235715931
0.9358844931302084,0.9595544603364901,0.2677506735002455,0.704979272742472,2,0.16859904843403684,0.7407798671606725,0.24947160150585773
0.47707679549276905,0.8390784542952039,0.5733544967075268,0.357800510624694,0,0.5807968298534757,0.7841871792320796,0.34702764939052483
0.4775625615169822,0.10140859467232562,0.5857056791358735,0.4081645809933633,2,0.7143875620372924,0.7632851902031591,0.7197539589867368
0.7900009984877987,0.6727612331650663,0.8727269683223258,0.607694059241029,0,0.9166431026939161,0.7226117248344496,0.23269329088636484
0.5617743527118457,0.14602184329789067,0.3769909571568512,0.6573220919425089,2,0.7054966519346239,0.20450433869279583,0.7248212759026021
0.3796838583519856,0.3318464983003497,0.50479301893472,0.48115468585516674,1,0.671779270254866,0.3379699792404788,0.6469784635537371
0.5619516129061548,0.15357223031299452,0.8467245911149528,0.5215199916120913,3,0.3943411463506643,0.4698454349836749,0.647598481027569
0.3126856163038399,0.643415907654449,0.8588988885991788,0.36087691417915313,3,0.0012844255268014138,0.3307929914276556,0.5689862793584118
0.3411095892049787,0.7179309221433461,0.5076888607830146,0.5122538486909753,3,0.12015925873562194,0.754940200158329,0.5780730574963091
0.5986942181915837,0.2030388742593146,0.5672992186293447,0.9765909075663808,0,0.5345545447560391,0.3293535242499547,0.42590762273805133
0.5351403596036384,0.44545499474048156,0.4426287126794264,0.961295167170737,2,0.6751298858444197,0.13823208678533716,0.5885633134480804
0.93187672085448,0.5106128580599878,0.9460439027354497,0.5344148030958895,1,0.4174482838964625,0.3990404520483041,0.24665652939034463
0.4899151192933065,0.4321477195848249,0.29491501259326425,0.6995977553951331,2,0.7306790115283902,0.9799144327823803,0.6262345015224808
0.6644706802224347,0.20892250043667376,0.946999538401176,0.9367167737776609,3,0.5218622953321788,0.2258814129335759,0.547722709195028
0.7058114303356244,0.4770530111687279,0.7470931614682745,0.30432867584862766,1,0.07417619559431221,0.6121586589432291,0.35060563353943364
0.2104755652706669,0.7760602430275763,0.6252577221493849,0.8674784992363143,1,0.19201625096794883,0.4329730498397063,0.4189379267221564
0.7308298976133685,0.16390689807992992,0.2261272486275967,0.9638586869522432,3,0.8399982232439429,0.07102456764932663,0.7485935578095628
0.34242877349580114,0.17216201267371312,0.5804769534576066,0.36392801403348995,2,0.7249127466244395,0.4878766059980595,0.7777456975373069
0.9688562539755641,0.41929416265238584,0.5261984840021858,0.4130133802230447,3,0.894761987012495,0.7021643286483125,0.5635068063085418
0.31893018220249036,0.9475531404570325,0.32897504958009804,0.9725224119399487,2,0.11755724912093657,0.5132199758278188,0.43511961552995715
0.5316992989816189,0.7017153820506227,0.7251276828005255,0.6762781005482423,1,0.9902225346150739,0.8721060637465811,0.41391794260285364
0.2682797344629151,0.7108029610053083,0.9769207258946286,0.3099376441302066,1,0.2094067139499336,0.28893701665758265,0.4343569436772437
0.997499401476758,0.4257279917540785,0.64975104885162,0.4803423991344704,3,0.01177987628664201,0.08624917130396492,0.430141398912559
0.6017560082649941,0.6342947120876846,0.7718026211551567,0.6149605719882016,1,0.9974229390535542,0.9365656116580061,0.4030948914960801
0.6763080138560351,0.10911806562496905,0.25476036205281344,0.7850362377173373,0,0.28107388544511314,0.378196349528219,0.48092127242943655
0.253661181910742,0.672486441768588,0.5341335966535958,0.8132122646957596,1,0.6680194525125599,0.5764055514536334,0.5204685882430756
0.7999683763193424,0.9219582528186131,0.2930867881315967,0.9967950590478192,0,0.1766823141763052,0.792003126130196,0.11315165444105803
0.36792447447646864,0.6513161215103372,0.6902366684292083,0.5012578395686313,1,0.5802285321991417,0.3243136638755806,0.5018616693908298
0.9184434315525711,0.8863287341197106,0.9507857265713238,0.6767540713079326,3,0.9040349864545593,0.7161645381776112,0.31401839640079726
0.36411171238560575,0.7515757499194844,0.7294221859773109,0.6733264835017234,3,0.3201811674284386,0.13541884981782804,0.5621823666393961
0.3525501765309333,0.20850257476332124,0.26144243865153727,0.5839516816130662,0,0.6702539760443592,0.29129374720550527,0.6613893391892086
0.2292397342784759,0.9122079765572575,0.4837329639880663,0.41841332568969414,3,0.1879035887984165,0.1447106361365199,0.6356433118799033
0.5776535560879994,0.1597994599201974,0.6405307035526813,0.9842195942286898,1,0.6247953987187252,0.8112305584013578,0.48013743246937796
0.6518729066100932,0.5805707252929874,0.5225662049066018,0.8973220306666101,1,0.33645035181751015,0.22264923522678537,0.3694134547014027
0.2525669115426819,0.2279234114141119,0.8669152083801379,0.648833119805966,3,0.21120825858795167,0.7174035554052103,0.6710281866871434
0.8204220933560085,0.11053594965781366,0.8517368037679913,0.7222717958788208,1,0.31318205070363514,0.9432983972456526,0.34256925406385635
0.5626310677984221,0.47983083411487515,0.6894648160825771,0.4590827374917636,2,0.17884106850779935,0.527772209068877,0.4867174086552392
0.619512215462064,0.3655366368887406,0.4987663561061642,0.6806509492742228,2,0.9019161078378828,0.5400291922606877,0.6135989911895067
0.5526101975505826,0.5374004444178427,0.4042690990105953,0.786479093185033,1,0.39718688631712884,0.46103356809781204,0.45192344351470853
0.5206104487002607,0.6194798980610957,0.2846994545705035,0.6606169198706121,3,0.24527930497436734,0.32589014339364275,0.6181219564297947
0.6477122650465743,0.13936516507805263,0.4839181467892433,0.9931996194094588,0,0.4484078410159329,0.4756550309249171,0.4191773067148312
0.32419219674457,0.21070296561137108,0.5305380137661757,0.7279391593734084,3,0.32053616680649555,0.6028075322667594,0.736451213136959
0.3455425043962169,0.6027781568053828,0.7406583400832589,0.5596815988145183,0,0.744419253813326,0.9859915721706594,0.4071661598826116
0.8894284968108139,0.40885061785539245,0.7265278594380589,0.8405064193310867,3,0.9712199118854944,0.9377645593182242,0.48311062783433445
0.9568923697069063,0.7562561387945032,0.25608651171300556,0.4193237581071494,1,0.4380336566976468,0.8621529582931218,0.30298058268241684
0.49864745302380237,0.6870624837327457,0.5162074523449263,0.5691610695943865,2,0.8610333999722404,0.8891305357048583,0.544735443295357
0.41659573851484305,0.8610439266909161,0.3454230937738896,0.5428712652643101,3,0.5658630735596195,0.46784918329204295,0.625896334421032
0.7151996345912126,0.7232435440023027,0.32545016425344453,0.602264966575444,0,0.15723566509423348,0.6574443271774648,0.2598236784730051
0.5269873368784772,0.48693796965113334,0.8618417197897967,0.8472458781501084,2,0.6906227420813416,0.8950667229362141,0.4510864958126345
0.2203090845282759,0.7056699601549892,0.23353217337300602,0.6389211225143852,0,0.5134344971258201,0.39295076499135306,0.5320700894385515
0.3249220778929523,0.3478430568298767,0.5353463007216971,0.8558101151861739,1,0.6506065232521034,0.9617624783454688,0.5521412237611967
0.7727777830779181,0.3756821489003914,0.3345629246132146,0.7035422321979061,2,0.889687412571665,0.415786062069183,0.5945701931878463
0.7271391535281211,0.810086643928714,0.9034641725427792,0.5394486042602887,0,0.4404345706560461,0.6010826653932156,0.15800981418392687
0.2216767940027868,0.501777564761424,0.6456324106200282,0.8669851205784307,3,0.9011776232173556,0.7098047132723719,0.7203089878209851
0.3775777295463596,0.8185423064665173,0.3851045091014784,0.4668027693871641,1,0.7506690142816549,0.9505920130759383,0.5005266538684549
0.38485983727045714,0.8401801363014506,0.6019418297331012,0.4570680858598568,1,0.48860492587798476,0.24461627405226605,0.458699501628996
0.7375141948789827,0.8718061038951553,0.7851890877624927,0.653152046838385,1,0.6032221356579637,0.7461309782386423,0.23178614015627244
0.21576843020349135,0.9249717122570866,0.966494407135547,0.4825944721734622,3,0.32558113251901144,0.5208155861440822,0.5142100639029252
0.2832868655876591,0.48788669846196664,0.37635680339633515,0.3063609244658514,3,0.9835972997387742,0.26855714062064107,0.8871824566808263
0.8399328682985516,0.38698013648902496,0.9089454177034761,0.753808269109161,2,0.667351163050396,0.7766068397963906,0.3745158781146661
0.34283572964346687,0.6239788719347025,0.9474432913339923,0.6577656750306786,3,0.043846852496629896,0.5522222801738466,0.4908583846983883
0.7221968862814998,0.4340551810938649,0.9331364356256531,0.6118624701452128,2,0.32662190574800876,0.6609738206496758,0.377869377477736
0.3905462248373812,0.6409667501202096,0.708331485489528,0.9768779602328206,1,0.6233144337590575,0.322901068577901,0.4295138445906678
0.27955311420747614,0.7350272763794421,0.7038565235477663,0.6998394287740395,2,0.0563332777992398,0.481273951827605,0.4626951885163536
0.39453775279956327,0.7195645166429232,0.5225685065470582,0.9044021044525692,0,0.023884191319142767,0.6173542509880671,0.274136290777305
0.7778135454845274,0.43709759831810924,0.8019183058430304,0.3976151653436121,1,0.45002423952780257,0.404910814269844,0.3804107554283448
0.8845571744850287,0.25017418152887755,0.6250352146807456,0.6984445241905993,1,0.33269017969267,0.1983725398477013,0.3888057825035419
0.8641758916535933,0.48747640461598685,0.7419504569826356,0.907585738711632,2,0.4382986080331659,0.961640492315304,0.30339200649971376
0.5177468236947639,0.22833472967371787,0.5427663230790364,0.7081740300959285,1,0.26269330988000517,0.5114675400426174,0.5127665090419486
0.7344681092565171,0.9010873316654275,0.7851971712345114,0.8026099246889011,3,0.1647177469429809,0.7339203702877005,0.2854715804531355
0.3639874363326568,0.4112897146640717,0.8595772140836393,0.5604304974685451,0,0.6891433569803377,0.4110471935560581,0.464177842787838
0.4345181842088106,0.23901377250099143,0.3171490052822529,0.3647146619259466,2,0.5145711162678005,0.35513176402571633,0.7611230890637365
0.9170686548168958,0.12290298391517579,0.8663437724593825,0.62053020658895,2,0.20015421124936683,0.407164298467125,0.4110709270153934
0.21040153880858883,0.6812401476578358,0.6322372254322458,0.5761355735872002,1,0.3195894262599983,0.4091966437856498,0.5081486604455999
0.26840682468357446,0.6732120857092689,0.8757327272721795,0.9069421276652632,3,0.5918079076633259,0.5441801159419536,0.5636669986473696
0.3663090041168219,0.40654374992316256,0.5450413650728116,0.47079671164673054,1,0.07222934827247784,0.5434698699813632,0.5200295915735544
0.22122576309905578,0.1645406999628859,0.503232388306428,0.9767139592745755,1,0.14745300926617955,0.49715381588287166,0.5934105748521322
0.34514834807183786,0.4686660054057088,0.9320485860137779,0.9706966838631472,2,0.07324560410739012,0.1347857849174381,0.4547627122858386
0.6664332487757538,0.3800957455570543,0.40093541403872107,0.4733421501500071,1,0.8123173327141189,0.49607547850053113,0.5609656925530905
0.5371396404739983,0.7094085757615084,0.8753698602289146,0.5436363688341244,0,0.7524092332120093,0.1691039004206515,0.339640862795423
0.9141373688615799,0.6452013245074213,0.5872164580075233,0.9268890186117194,1,0.7533129318792571,0.12613578629576516,0.30415387985126735
0.8539548493907527,0.428134355377786,0.6112763540410078,0.9766355546272751,1,0.716325343476028,0.9326457173411677,0.3127087402969585
0.4734538813583008,0.2961032988294911,0.4467746251915872,0.6104073719852308,2,0.6693854236698692,0.6049500131477042,0.6702186817725848
0.407538746745034,0.9892323695400327,0.6584337604952126,0.5246979319486285,1,0.476991915378175,0.6594900581245843,0.35251992301109386
0.5037539265338136,0.5086014590765034,0.46016895702096905,0.6682658092760794,3,0.642278163507115,0.4017936703333638,0.6696008832440018
0.6722359540118462,0.7194468122022133,0.23141553139332185,0.7814384444560143,2,0.03836155478797465,0.9089808919148642,0.3815042077427257
0.41445091265830103,0.22649767082052472,0.41759888427548486,0.49143216076248586,1,0.6214644226567846,0.6379304895796655,0.6534114472007512
0.6993191262793073,0.537030729693458,0.20510323472527256,0.8155312222333508,0,0.7778777055368772,0.7691698695235875,0.39786811195568367
0.5275293217529924,0.12478304788251894,0.9826838296454854,0.3361601499802487,0,0.5003583603843902,0.36856246902771383,0.4694744583973606
0.6416377446815842,0.554909606119405,0.972597767855798,0.3345061449350915,2,0.35751332842723693,0.9600118808191255,0.3865286923973002
0.5489012233082533,0.9676156664059321,0.5161242379778441,0.5704013936018817,2,0.2774267348009791,0.820461290158315,0.3638565406813366
0.43557260763353417,0.44578604168722025,0.7826966834717168,0.5474312344425044,1,0.6428020501620825,0.8539484630145436,0.48063692469705344
0.9587626455697253,0.13509641131742045,0.47664487872834,0.5209432507570065,3,0.6928011986299087,0.17219426742575428,0.6546027543816497
0.8108846353278087,0.12786021182740917,0.736874525668781,0.643713833868237,1,0.8709675998625426,0.2709632078712195,0.5083698465889137
0.31209054061316205,0.44918808395218257,0.8443440344367834,0.5245135076180998,0,0.34233408246099073,0.28562659968357706,0.4391196168210331
0.8947743807183304,0.24402244281687466,0.9574049957537927,0.43458054292766435,3,0.7697723073855856,0.27090922324687117,0.5573673671561867
0.5899449585996109,0.12101688669536732,0.5201698206797376,0.5166286843620206,3,0.5613558241893379,0.8554081621042879,0.7154516053356359
0.9156417815152731,0.7805922525551592,0.8266383863648381,0.9824329909671645,3,0.8828364906780791,0.03188479520859211,0.37542027529135147
0.8398842047578523,0.5126707079937016,0.412742760505695,0.587779391896394,1,0.5278121082956208,0.0760999889807743,0.4285820573370669
0.5401708035753867,0.36032029477538907,0.9922658430349187,0.6112989438008349,0,0.5176298283979672,0.2739148706299037,0.3630937901925405
0.21797544665609392,0.9100748647148327,0.22061567901148094,0.703581492965798,2,0.5778770814409091,0.19987297464944365,0.6362759606915338
0.4149418875079569,0.20452506418047306,0.6828230452008968,0.9883385378899585,1,0.7493153551424344,0.23185961388284837,0.5772164784221768
0.6333073717286936,0.9603269460597873,0.7276047853210617,0.46912089350503405,2,0.9646904788284609,0.7979431892533,0.40569335700921955
0.7067825758609179,0.3825700456396176,0.7504364456593031,0.7768974773727036,3,0.07356335421576565,0.5631265938920469,0.45775576667919965
0.4063101483465619,0.8995633050778131,0.2963100630312712,0.8011892854792069,3,0.05343460239101716,0.0057706612929679935,0.5502534505592046
0.3114848592582593,0.6426485888315154,0.9508238267785043,0.7251270917551461,1,0.9375503374073385,0.42932276570419525,0.4797112541827742
0.8679441894394393,0.8440366237673387,0.34494662324006625,0.36200483774565084,0,0.5298756255182061,0.40788492685035893,0.27224959671365334
0.9875217445628417,0.9856118468894178,0.6982027225918729,0.7738105930793036,3,0.6149030145669361,0.11394526944454353,0.302692141855753
0.6205521458421487,0.3595648940368712,0.37814086329846797,0.34486629772532285,2,0.48242360159472886,0.6761417886014571,0.6192306200541657
0.3373434286786428,0.9650219368668337,0.44577313361701676,0.7172998546849279,2,0.09365745260747449,0.7020971883794911,0.4176793058868093
0.41784586121549516,0.4505337054121783,0.6371668333824996,0.8177068240552199,1,0.7680893784186665,0.7208932190520977,0.506173100528951
0.2147125412379734,0.44696071426323014,0.5337547348516611,0.44767892343396526,2,0.7472246450885869,0.728470945558592,0.7277482243418383
0.9314390452483992,0.4063483938290552,0.32818048078120504,0.8891354052799418,0,0.311703321492812,5.282693229680113e-05,0.3015500668234998
0.29420086631211295,0.5872668466128267,0.3367491219366786,0.321247663873103,3,0.3062392452284004,0.9539208038467222,0.7115038948611383
0.6612131804114029,0.23873053886063839,0.5345158305302398,0.8906690045608143,2,0.8378413809055185,0.814208767054663,0.5674779016494106
0.4192441765497648,0.5983403368222101,0.8058263826204006,0.6222303354499354,2,0.07235725774132662,0.9039816965892853,0.41202958710022225
0.6433424020126348,0.5875343311690037,0.9183717174782309,0.4523115579521511,3,0.8811051483565658,0.015643295307434135,0.5897293249609263
0.7211363106814914,0.785711631344383,0.2673021298075063,0.39364470149577757,1,0.2566616898959144,0.9338587957857394,0.35007584733426095
0.8637934429657614,0.850284965743827,0.5144831260475209,0.9673150173076608,2,0.5929847477554939,0.8097885286881047,0.2723113800834313
0.3651370174084826,0.49639721528118164,0.2801964509783013,0.35086591130680966,1,0.9359941790017777,0.8372191429586986,0.6746176973691415
0.2087966629267844,0.37209992441634443,0.21327398450607832,0.43936539395514795,1,0.6781225015366464,0.09328738472196851,0.7865293144845887
0.3095085040550458,0.33340140758538506,0.7293749461151653,0.5434756432031321,2,0.4144298124670366,0.7387780289185977,0.6199855975852617
0.9200149134784841,0.2751614530343848,0.6819595535732703,0.7341643942727842,0,0.6895342089054152,0.959916689642091,0.2742288647659288
0.8991120620500122,0.1518828239791224,0.330415291051909,0.6813607596932688,1,0.3439796363163702,0.6785473414181606,0.4458872895145111
0.6779304817362466,0.408203180951242,0.3870502664744513,0.3879504446886198,2,0.27725841634918613,0.5705614046246065,0.5535031421258878
0.6804134883469227,0.34322292291770495,0.21896620291561472,0.5028095886167502,1,0.9966832779346797,0.945629677748997,0.5963292258037789
0.7320293396370043,0.9697756472797666,0.867957764555523,0.46712623976021683,3,0.7507902311797877,0.442937121734436,0.40413852254260063
0.3402970228987597,0.6019379436250395,0.9797524768388413,0.4494799981432389,0,0.6447199773818176,0.5992935663104787,0.38669756619809037
0.931529556739968,0.41254933512745684,0.3083676294357527,0.5878010355359908,0,0.3552896432193188,0.4763382934943662,0.3196608007717649
0.5350164199136584,0.6224208408943264,0.3851801710122385,0.7928220168141598,3,0.04916082915504816,0.9328462213602992,0.4975846684666209
0.506510822599598,0.22527703121112597,0.8947276191575473,0.4522170525520651,3,0.03105687603515561,0.07608472676550726,0.6221708693982599
0.61513416422627,0.4996393742819827,0.9411710383649479,0.5566752157920869,1,0.5541812554487988,0.5011197008253482,0.3759847736912009
0.23757277342004404,0.6636108892789574,0.5357019062454482,0.5736421987888136,3,0.7620327210390511,0.6869524413854383,0.715500668906753
0.33302669500486354,0.5400080486132063,0.2404979778152593,0.983519570604787,0,0.5373791904438551,0.7919065384222369,0.46173632269199644
0.7904268931410965,0.4616009205888918,0.23151346695425554,0.9682664498153482,3,0.8407850719391146,0.5830186474441363,0.6006189950305146
0.2662389343401012,0.9944635500097283,0.6591598928552084,0.8600963079264532,2,0.03342653309322163,0.908917744121454,0.34345796307998927
0.6825216875731106,0.8922832859340343,0.5143160871145432,0.46916124457342956,2,0.3667520764259401,0.9419914468838717,0.356418355152464
0.3962792877450568,0.6610653623434961,0.22292194206212362,0.34762611986416875,1,0.23707039117417805,0.06431922319358352,0.5824310413345588
0.5114364912335813,0.6124396250640545,0.6666019138500454,0.5218328964044373,0,0.44727296815712203,0.40237053954137436,0.36469833788398054
0.4309549894165599,0.6585944318421256,0.20904202927121798,0.4867561846036816,2,0.07237639319412248,0.02345902172115444,0.6051925915798826
0.48453817317195935,0.28118089704018995,0.8298975665194184,0.6541480601024756,3,0.9541316415710726,0.3294166573744429,0.7149909775353483
0.7752367241473965,0.4556239689378868,0.44514625816269726,0.8444095370474551,2,0.22325540106936093,0.5368682179706021,0.4191568559744759
0.43769737249854,0.1355135796018094,0.2322064024073857,0.9008260572152005,2,0.9223077754835848,0.9107949305099489,0.7494644088258395
0.6531237122375178,0.5279914337381441,0.6706817767865227,0.8914048597873558,1,0.4258931550366818,0.8465543224654029,0.320179968220183
0.5808403217592797,0.5887221255618968,0.5181475315464438,0.5517728928561474,3,0.985524133255218,0.12749972667198572,0.6925498965801676
0.7309369322901185,0.30497476249288863,0.9790403306857196,0.781064040422478,3,0.5540583834602107,0.0930303747408957,0.5254906554286985
0.9494637914598065,0.9676259624489624,0.6353589300029618,0.518983938266954,3,0.9308328641758075,0.589267338756667,0.3843464460427957
0.7860576777682002,0.9185091498435178,0.42019134482960663,0.3426338802646279,1,0.005348988694222845,0.5321179724587827,0.2540659070277438
0.37195230287260544,0.7499289119103153,0.7675510917071799,0.7910956859220596,3,0.7482388061809001,0.26637764143002385,0.5872290661267021
0.22494650804902774,0.5800479658888263,0.4171936020341691,0.30687928679885146,3,0.9030506531025154,0.8994530845538352,0.8146278869961465
0.4098112354398601,0.8829722436829165,0.9233946331260521,0.586427811220942,2,0.13972056697895407,0.9273664094615535,0.3198361884212265
0.6760623445602039,0.21758710944111664,0.49977757640590115,0.530565488511453,2,0.09612585173215149,0.40261143834016266,0.5501460293541777
0.2411406507874003,0.8114588148473965,0.6398948502209643,0.7853642769631967,3,0.4245726071859556,0.8903025571135202,0.5529513821842843
0.5970929977609891,0.21233873257016347,0.2404584830593831,0.8363718309322652,0,0.9336789061329351,0.38394889426297263,0.5703194272606656
0.6774742791335113,0.8147895962944649,0.5408969903617846,0.5128662451798986,0,0.5423865601904387,0.7368168318297001,0.26317396400527915
0.4673951126535687,0.34819081142622127,0.8658908317287961,0.8681389101113974,3,0.5274564637217322,0.47594221754772414,0.5893858944526439
0.8167297629966577,0.8893815229163701,0.8445190442906736,0.5057417323534537,0,0.14112611829932187,0.12258315650718299,0.11114987110486618
0.2852786025070175,0.949637884442858,0.379454847082821,0.6124284519905928,1,0.0007895110932187865,0.9279342012370215,0.36789416134972325
0.26011022538864703,0.2339163724646041,0.3808632568084502,0.8089129689098937,2,0.8101400907454612,0.4540965933775366,0.7834245291603954
0.7825510049628828,0.5164080445588541,0.8538442497705894,0.7850441604573519,1,0.08757456298623822,0.7344870403224036,0.2103670995366984
0.5963930529649588,0.9828886403464165,0.9443187361354604,0.9911579306185401,2,0.633849818735324,0.36717381443129216,0.2718537067711095
0.7507219171421888,0.5350666923758319,0.27628873701840284,0.4576127169511523,0,0.9146164545151915,0.01888087857623466,0.4912142541053304
0.547861870882997,0.8771927702630906,0.5600469115409803,0.7636225394777076,0,0.208651913158431,0.10053035869183591,0.24916016691562382
0.39712162659128547,0.6298583699181879,0.4699634231713832,0.7267773357930442,3,0.6652728362369108,0.4962194794899244,0.658875814229127
0.8552818541393599,0.4377969171276417,0.8965507643659516,0.9405689181430208,0,0.07869857670750946,0.6899643571263624,0.10351720420507499
0.8395327031751834,0.35720519997328315,0.266819931744015,0.4094534991514125,0,0.603755143837613,0.33473532657927907,0.4513387474012432
0.7557571766835414,0.2829007819774786,0.36890075404642997,0.8262587145108531,3,0.16393172095320274,0.6954884591776503,0.5489946273567964
0.41771610978397017,0.7856183722399275,0.8019746700691954,0.6977880313881378,3,0.735953560515178,0.698635589431956,0.5327618918886656
0.6721845334952696,0.4478864561407251,0.24103507918497247,0.49226610885153377,2,0.3012312947939082,0.7039359073278308,0.554525296387183
0.48877911755202147,0.560147915980676,0.5940283045714314,0.6321044399030218,0,0.46339100880464623,0.4925218540205084,0.38383092903086286
0.27326565866130736,0.5430929320010638,0.553685627743776,0.5336436179488584,2,0.5994305420276217,0.914886150121504,0.6260586290439629
0.9338508603697944,0.6195511263098181,0.46752094319099896,0.7055193819519225,2,0.17127341066623958,0.4891965179806156,0.32452947627509826
0.3094549047351691,0.879019431062097,0.515657852255139,0.922300427570266,1,0.7416378186176209,0.4502651934966382,0.4477683264408881
0.960189883056642,0.9826654092250865,0.6239524695441864,0.6985134890885414,0,0.30264034063681455,0.199380819010627,0.0696230123427781
0.5568046183663646,0.46682578771643524,0.3290938867107065,0.7422056928286087,0,0.6623718599127535,0.3076550873563365,0.47086824246774206
0.3481063430708957,0.8447670298956728,0.6575967026268743,0.6631234929802966,1,0.15828305069937365,0.042334492518303346,0.3949512368740627
0.6335207579026865,0.7880750151892458,0.8443458634399892,0.3358158545118331,2,0.6881176592063503,0.6335352936161702,0.42145391396295123
0.8983566687011266,0.6161760563100159,0.8081287438321272,0.463000989813266,0,0.12818807281046174,0.24853574392709288,0.16433408644176561
0.785779909127649,0.9604424292507397,0.32311992375501897,0.6444012106024579,2,0.4253564962699836,0.3041552544854651,0.3702515904703775
0.8452489182891598,0.2804270639755625,0.3193995757931791,0.5171646986212933,1,0.24720607373887682,0.7708145216643212,0.4335153829473647
0.7270266933685738,0.19833778927865928,0.41453949419593067,0.42723451843283594,3,0.7483752494281826,0.3272211831614539,0.7449282153589862
0.7538212516142819,0.8685657702598799,0.4888597810728298,0.6528929893429067,2,0.26203500450687456,0.24219589201314218,0.35185950136721394
0.8793565212522554,0.49523483497037346,0.5267644651267861,0.5259668554134952,0,0.8817173063953962,0.16905774913370575,0.3751277617223261
0.39973440708734875,0.8622719687863544,0.7437577734666763,0.4806753502213903,3,0.8918202114066128,0.7748584021819559,0.5786480733014443
0.5915399709145124,0.9037811846758734,0.24534434573266833,0.6247897922082666,2,0.19644131522278585,0.12970625799002689,0.45702738402292414
0.3769675534556818,0.1562118342571643,0.22773816338085312,0.39329898065752117,2,0.6138459450077243,0.4537537602503535,0.8291066502208531
0.9901344063973176,0.8951182866874546,0.5135284503551272,0.9494220131527851,3,0.08771764171996432,0.5069301160771944,0.23721662775815894
0.9552474717492907,0.50348714983248,0.7577309537103845,0.9073914685434672,3,0.3915370996016292,0.6873899126857146,0.3483053930645109
0.23154144909480473,0.559389240103809,0.3547482743651861,0.7953344100183747,3,0.7133217295012723,0.6332834823329955,0.7522550946384177
0.7644601380125509,0.6639332599838892,0.7132035850050014,0.3743496793119193,0,0.6594232468499163,0.8107206729451748,0.26966408920995255
0.9401986539325327,0.9337443460570781,0.4078625103522396,0.8431140781287851,0,0.624700669406608,0.04475143392623815,0.17587718447688352
0.3444602761018668,0.11720448498678764,0.908868887050813,0.8655701296763132,2,0.2825408636624436,0.2964407247793972,0.597024799192578
0.6543561844421035,0.5291591214860354,0.9165519554132933,0.8374352324000363,2,0.378024949434402,0.28013411877537975,0.3808696858391799
0.9323906380704334,0.7189498381875046,0.4378297634250612,0.3797761209834688,1,0.10294614470028618,0.14601690559210823,0.29212900421289467
0.22715678286863908,0.7504362619284056,0.38399500317059243,0.7507355699474352,0,0.719022820433601,0.28917825385644313,0.5047749810187602
0.7579362137974719,0.7232791883833972,0.529043177652985,0.8840273570245789,2,0.5038887967912735,0.3097653141429034,0.380654625224456
0.43787920589804064,0.2209916164673097,0.392425268144119,0.7041473808537674,3,0.7087656323456546,0.5218844619274783,0.7883343978460539
0.9395169563012244,0.3694560295345132,0.7379070746333629,0.7524851626596623,3,0.24894352479687276,0.6637044789262561,0.40112763559361236
0.9768465961322943,0.42284397287531217,0.8608517476386284,0.6208544355984142,0,0.3244382286350662,0.3811005136118141,0.17653800339336168
0.9554131912907471,0.8239934869115545,0.7384737047289736,0.6700951239188369,3,0.33421533726011465,0.7194702313133812,0.28271520245301457
0.5793713733259711,0.35088388517309776,0.8594803577994796,0.3240638008462076,1,0.0257424097472162,0.33616533857958,0.41927770910279416
0.8896341207914509,0.2896344674804828,0.5175937297659794,0.7472741153812992,2,0.34104787283062354,0.29028367731476035,0.4594423871477924
0.8756395188280564,0.9617032171342865,0.32505357656708866,0.3570130490238114,2,0.8033045735180335,0.5411880558570243,0.41656300881872727
0.4552803785946045,0.10797695660212202,0.7903607579180738,0.6045102160381564,2,0.8972984957497385,0.023716360305790607,0.7331957752944678
0.8631323793205419,0.9980387701137804,0.4883796041132431,0.5048585683671855,0,0.5182183156359275,0.07978912363400037,0.1989131676691996
0.2296061077723941,0.7091391689716561,0.7370166601833061,0.6817995651481992,3,0.45550169521922024,0.41796954358652705,0.619981225990288
0.6770159027856424,0.8456223695042053,0.4165151535854126,0.39339143486624495,1,0.030824618699370254,0.9429127113917565,0.2823153236462132
0.3840070698301625,0.36515745671157385,0.26498370784533815,0.7841503813813226,0,0.8792043375853826,0.7215117798434236,0.5731346714101657
0.29645350862182307,0.11288374990035399,0.9940654363902108,0.8565080758499293,2,0.013010213425872719,0.08812656950055775,0.5742969588383786
0.26156256130336736,0.764082566705377,0.32496120634447945,0.4143481148202095,1,0.9447500802102118,0.8463180127808737,0.6157164433531324
0.7570310207025119,0.8507301373006082,0.9907367951707848,0.3730191611463175,2,0.48921624868809066,0.732300770608181,0.28414060471601205
0.4718999710144529,0.7664285187581672,0.9818239460531579,0.4018608379511514,2,0.3419344935747266,0.6109465257026532,0.3980888998243098
0.7798134172230091,0.22856525857075474,0.8350544831264317,0.9139892933289511,0,0.9242184348426601,0.8202929606091773,0.3237533896183493
0.2522850726391539,0.7780851300312722,0.7275383696655982,0.6697324832294493,2,0.024390993110096737,0.4041098477429571,0.4602503367077603
0.4522322702644883,0.7920305038968769,0.6622456402008678,0.6270826972052518,1,0.5814248948690871,0.22150105085385274,0.42533108906294165
0.6315930339002698,0.6926864641030493,0.8928812363022678,0.37469827337164796,2,0.5489325244993376,0.5120233891087593,0.4222553936315871
0.8325785318711709,0.7895043395160276,0.4315516172955904,0.7546892047298732,3,0.21932040121138208,0.5488417555934738,0.38831782853734975
0.45500200234565596,0.861329295709959,0.5741449699879017,0.9075997143265628,2,0.42888743135021057,0.5383263720099121,0.41000285606035447
0.7007131011496073,0.6522437028137126,0.6955119754932015,0.8797301085264171,0,0.6522640059437702,0.5650737914801053,0.24328334854092698
0.9087821985889497,0.17974424257271115,0.5289523806955929,0.7382382962865608,1,0.7271311968819275,0.9487049182391808,0.4186181163528918
0.6926905505458436,0.5388650287004898,0.5419891632722145,0.3526951016561715,0,0.0007168587065797816,0.9022456230962314,0.27018572936598767
0.38636757980290704,0.16988440120444456,0.46422773400166756,0.3786779190232091,3,0.9368534300910153,0.8757170365589394,0.8614286163662052
0.21952062524523042,0.4667887279291878,0.6513854533476289,0.33451629097687724,2,0.1645253723928124,0.8014168109086272,0.6204117690832457
0.8960790991207439,0.4663958402130649,0.8804596224120929,0.48023545154472846,0,0.2335804342223592,0.9434281072652854,0.15519162196592828
0.2170155286803097,0.15940885972621743,0.3612227024050503,0.3949630270122644,0,0.26347344569384823,0.09849464167940325,0.6856543265566416
0.8997613381473595,0.41393848057253135,0.9475464310027533,0.4820336281767037,0,0.03782013655203531,0.2651232614457395,0.17517438022351578
0.6231497072217695,0.19989828891218336,0.7512701229985839,0.5695406390032731,0,0.12305212359032491,0.4950559456545849,0.36477524780095855
0.9512541588103169,0.8274116890083,0.8586185701440241,0.9600879488497949,3,0.986349922944162,0.8465344931234052,0.30054586414689766
0.8390265886189323,0.9529192233680237,0.6449525541040093,0.7272632418471845,3,0.31521673737728606,0.5051657115227325,0.312597669282062
0.99834728842667,0.16508482773214475,0.8236133611392509,0.8844816499780737,2,0.11530109033904934,0.7480347393415887,0.302481090320039
0.48056945236136817,0.9596036865625313,0.21296031787157377,0.7972460504986325,2,0.10699126117462332,0.13895990524891622,0.4493988288791707
0.8137506311449016,0.5703189394030707,0.8547043398236283,0.3787521913686422,1,0.7194599676699719,0.2524138129765602,0.37004203862325297
0.5215447308873937,0.3696091101584865,0.23211108726829321,0.8151442844617642,3,0.8545686640326409,0.7317760950376724,0.7391984532118597
0.5839004962431271,0.16917586774854715,0.91193070109029,0.49256921709138707,0,0.2569522995084699,0.16473400888772405,0.4078497243659452
0.7020043705746961,0.550561841263376,0.9935701977909146,0.7473754928962943,0,0.02090951233523497,0.35135593465492676,0.14984244274015598
0.8989416913490711,0.8150639900416738,0.4352539697414223,0.5386733815500919,1,0.2230900184453558,0.2648662578135714,0.26246029337592247
0.9872667753594362,0.7363778295400283,0.3682548450286349,0.9983705842852615,0,0.056515690796757334,0.3498616942224785,0.09699432766487048
0.8146187310916146,0.1452034103175764,0.8122906910864327,0.48448603564774445,1,0.10339493663004151,0.7083240490779703,0.36447547761344584
0.5342134257338671,0.16561165183111315,0.4024210727362026,0.4953913295419887,2,0.43150811984764237,0.367847181142801,0.695264947697393
0.5370856018216561,0.46258595436937344,0.8924499065377629,0.9514705788936788,3,0.22991837086163258,0.5552633226079402,0.4631514485045854
0.7900658412711132,0.36576144464314897,0.2822740737259814,0.31725108324542584,1,0.5159458785254234,0.09993187705440965,0.5544404787161559
0.3910217166146419,0.3091458907504431,0.30076415710348664,0.7876822915112378,0,0.25349375325719037,0.8050176932346278,0.4809969416273336
0.28837929050511574,0.3529040490178422,0.9833212440804926,0.8077284735151147,1,0.9405373011029476,0.36988862564812486,0.5584606429465422
0.48369772611262124,0.8231344689671961,0.7390711186160037,0.8854650041872796,2,0.9059439679262645,0.6485341590333424,0.43944175097733407
0.42979119332326543,0.9363052482686685,0.8775097795431623,0.9821075174469327,0,0.566806105010466,0.7253896016618326,0.18014923484298925
0.4370464963647921,0.4645924250748098,0.45946350188121443,0.9829213434096566,2,0.35442399198738617,0.2096609221117004,0.5598568655697175
0.386886200839928,0.9154999019192473,0.7411869996164835,0.3456937302965247,2,0.38114688203473557,0.88467498495335,0.43228160493432055
0.23367455170908952,0.3893461311230938,0.6753934618468778,0.8752875259270316,1,0.41185228314449696,0.6162242516069529,0.5301484243947853
0.21429914778673106,0.5287932877094125,0.6825200960983576,0.7524169535601668,2,0.727579322134944,0.42872514175148146,0.6458289394325988
0.9901779117888252,0.3034260980343998,0.7460259676301773,0.7531394940611638,0,0.4516389955188379,0.18233518357821954,0.2455550078449669
0.5422185069886899,0.6764284379582596,0.6602873385032788,0.38984494863028635,2,0.8567299465058974,0.9423009379012067,0.5220216459495506
0.5074613177277454,0.981083003657328,0.5432498954421328,0.7551310165119574,2,0.9440947859303646,0.7550682041316251,0.4443607329047905
0.7437178261544559,0.6431437864390408,0.4207381555044375,0.9877378064208735,1,0.33594615337893385,0.20802456273324887,0.3276527485025669
0.37460311029205134,0.42203267570219405,0.8148650647305618,0.9382729986776128,2,0.5606944813756801,0.3377107747242245,0.5445078091166201
0.9599689471601802,0.6830357013914755,0.38101794400254896,0.6073914625633954,3,0.09505653683256443,0.8096742580880733,0.36826960270254144
0.8290760115324416,0.2106286106188488,0.7538834449235314,0.32796358130026604,1,0.200469047766359,0.695677663215339,0.390871558107253
0.27152880184980765,0.8997931722388588,0.3866662581194613,0.5536054430001434,1,0.4134657667101601,0.7657842927157243,0.4667050627133446
0.5340646206279427,0.5527755557018528,0.7002641359635631,0.8784732181203887,0,0.20620271590177885,0.4412011022129324,0.2762623541229531
0.9032946460497318,0.5044147678356778,0.7976626137032232,0.7910493710256161,0,0.8765604907887176,0.7164762626421669,0.22475198845113212
0.9557856178331283,0.6272783096081672,0.3749711111252314,0.6215405589157694,0,0.15828625605909807,0.3864937228639137,0.20622860418781142
0.5739212089998957,0.6623054765104622,0.24795464068904663,0.33857107461118174,0,0.45566082155309195,0.21126291693819643,0.461083618299239
0.6907291113685662,0.16459822560386173,0.3047789943953393,0.5988263094763118,3,0.6056992404598757,0.63267703484136,0.7238548812305419
0.3336271568736602,0.7143554991010621,0.6847975738168204,0.6283174578025184,1,0.6918639081608444,0.9760139255987942,0.44725986301516507
0.9929349009095814,0.31773851228397665,0.8795571249805885,0.9499888730258952,2,0.38306936972650674,0.3106009713953296,0.3091022811991177
0.38533736110675476,0.7425573692559309,0.23599745698833952,0.7487602725075115,0,0.8690990687247285,0.46096959221253964,0.4913908242194782
0.9541854193081005,0.8402813149457771,0.787321007233317,0.5181570416582542,0,0.5683191510779255,0.6740013710698536,0.10814191214645076
0.7197173191938948,0.8235626567972683,0.47305491676004174,0.667722785115505,0,0.4395077804475518,0.5415062821224879,0.23664137875531002
0.6861894359030873,0.5972508706671003,0.582822695935618,0.34623871547551205,2,0.06724063405203662,0.8434277957090492,0.40771252148054854
0.6101508088132068,0.568152903079676,0.9430876398764525,0.9807977649548156,0,0.464689468445165,0.7617427064695159,0.1900995287413813
0.384535849374207,0.22858836520547055,0.4655772037886764,0.5520419313515081,2,0.8207358408157303,0.05829720386235704,0.7889640129819014
0.34122242560440663,0.797811535362822,0.5722695471515888,0.6345071484391951,1,0.6145410182213155,0.998421233923774,0.43091015923658815
0.3763889672561403,0.3442684424020429,0.2109459318085449,0.5486987819658458,1,0.8321624537291183,0.7524024537194672,0.6922719860465288
0.3491506097154036,0.5470258805361519,0.26527897600387074,0.7777582110813401,1,0.4940116705993056,0.8639033162941132,0.5399402032568863
0.8236675788534027,0.355846683634765,0.40687327290782727,0.7635625108307151,3,0.11846170509448184,0.6511977120953464,0.5002698495114029
0.4801002073333841,0.22044552669972384,0.22228179265685954,0.8007256173703949,2,0.01363984583588107,0.8562851280467623,0.597071589323448
0.24627414125071712,0.666601927202563,0.7051002608386008,0.48770026072834455,0,0.3032195467185912,0.11238297492870941,0.4424677219087905
0.9752821041126492,0.14889883134061346,0.541118685441298,0.5209679368148461,0,0.6979904714977925,0.3477378355593156,0.39899760975370197
0.9070287079707406,0.77378071071358,0.6385161621824176,0.38767586176734553,0,0.7902599039416938,0.8764209436044927,0.2141888818209624
0.9422018265561705,0.385828115735005,0.3397177487170636,0.7588569802922788,0,0.2957528346203294,0.20165521126689223,0.30306397685969594
0.9959262581171482,0.1001212237040368,0.4367456235492929,0.3278579891349568,3,0.4956539208832471,0.07824209858002273,0.6662708351060964
0.33911619937558984,0.5600162253135068,0.7310595798821802,0.7183776348664213,0,0.4211189044340816,0.788118939945219,0.3681178705742076
0.516993615122127,0.14216671767484282,0.9722421789043199,0.9087871193961437,3,0.41052278435142786,0.8354861556432962,0.5588532894711891
0.806590780563273,0.34855260203880956,0.24033341888176737,0.9235825038027434,2,0.2313487132001505,0.1626522181899006,0.5008882686694294
0.7568164944430338,0.7362788387101445,0.9123074566842129,0.6143264322589732,1,0.13637110502945837,0.8543459827827155,0.1659905243483517
0.32311672507188405,0.15642065945967928,0.6615049610489667,0.6215125817491516,0,0.19668855823121312,0.6867677955971696,0.4959966655588565
0.8526664999924942,0.8554046431204021,0.651135653404499,0.35387842810561215,1,0.0553323871633461,0.5200826832165839,0.20406648422936033
0.37955245746932853,0.10343793039272481,0.6002228281662083,0.769535517810125,2,0.19813074182357704,0.830250192781385,0.6185893369310302
0.37905409185809846,0.322141482281712,0.25551526872334673,0.8748815942609918,2,0.009200897625379456,0.4192492493189658,0.6174378997756503
0.6295795383147309,0.7668136505368643,0.27190148138892856,0.4712585382232991,0,0.6272584006359783,0.1939939562233972,0.41187886500219606
0.6743519478733626,0.3846431347563761,0.6807296045272688,0.5949106171433552,2,0.3163754073876829,0.28485267661061364,0.49363925532924696
0.664068966270249,0.19170314925941218,0.4727668571484467,0.8871875357356891,1,0.9731447114269086,0.5051640182933148,0.5635077435660046
0.2731894699182039,0.4242105269203851,0.9338144532621446,0.9139843273636015,0,0.19371705077629786,0.5313307926731757,0.3443854876475925
0.9019686901043042,0.343353957746073,0.5252724298875778,0.47022598618495814,3,0.3458285703095939,0.8055808264412336,0.5141809872029947
0.4124800340709649,0.8584407119444994,0.3146251669621129,0.6853994441789549,0,0.3578411586415332,0.7913527236523344,0.34070032336013334
0.30361193702624334,0.38201312582662883,0.7717750668016288,0.4347452054450789,1,0.00845149606246054,0.5813665572045749,0.49357001259991123
0.9109984638951818,0.8100392245984065,0.4346827371528079,0.3713151348976896,0,0.8392079530394589,0.7807854833654764,0.2633786325705088
0.9645211985838027,0.9026849303296612,0.6203762458847146,0.9377843509743702,0,0.03199446014432472,0.19177345829367098,0.01821369223727889
0.8897020938123605,0.49043567761887663,0.7582662284041362,0.8743552529624763,1,0.9401798347292414,0.05006452709329434,0.3613918187381339
0.8476128597799024,0.9189488294689528,0.9202112889616563,0.8320244312622216,0,0.8920743510936207,0.8736338226347001,0.08179986420625042
0.7241935845112175,0.43958624856687356,0.833752955841341,0.3341364231691983,0,0.5355219160859636,0.07555449376276957,0.36505521878092867
0.6406858964873114,0.9676705748410973,0.7410888542981793,0.8906101548971801,1,0.5435955749112921,0.2466884297439973,0.2418933649568563
0.2695894079291281,0.18036057207301565,0.743706545916115,0.6066308531337685,2,0.6537779229561563,0.6953189496243846,0.7051235636145257
0.526762570456559,0.7183173398529185,0.9567397152256694,0.5396765863071017,1,0.387050011934887,0.40944793762730913,0.32567777392531777
0.4981508136098512,0.5444326364112358,0.43665927799722887,0.6825334527177636,0,0.6472222833978555,0.8763139699155088,0.41096156731010525
0.407803027008261,0.44888392491008233,0.20088967535694993,0.36394726990648907,3,0.04476838868848687,0.29797979466226954,0.743720927135941
0.778736090950868,0.6694406908737408,0.41756364751855896,0.8296525845466791,3,0.05404762734972657,0.011871346669359295,0.4503051051229166
0.5967005880630167,0.733471382470898,0.3743131037013952,0.7077045538218071,1,0.45723041961954436,0.3006556405607441,0.41706337213477973
0.2648369727261184,0.10392694268527819,0.7294676680911987,0.4306130678112172,3,0.5496223011060349,0.5780750491848317,0.8245162243266516
0.3761465615598491,0.2502577798724789,0.7069692798124232,0.4317625398383319,0,0.887817640335819,0.37593837540329333,0.5907177439348068
0.7466070109276768,0.7417414455708868,0.674769106163779,0.4289740561008719,0,0.10466063390789626,0.5348727557587553,0.1929345238406195
0.26090468759224017,0.6997468722203858,0.21299475456756298,0.3399016712863538,1,0.8226479271938894,0.8765981188350187,0.6501441998474297
0.880965531239015,0.9694427546158095,0.783022443560518,0.7114589145601793,0,0.2100473372920696,0.9124850542303685,0.0
0.5961172216111794,0.7849340112257047,0.45882432998839323,0.8882437243119556,2,0.39408364851003186,0.2659740646541121,0.423704340852737
0.5844692618613184,0.9556954369582042,0.732044791205305,0.312248749791172,0,0.3166024348274129,0.4621404732699007,0.23044525448496675
0.6739262277276141,0.7322864513813263,0.6452627428017227,0.3343032514798915,1,0.400155272865399,0.5491440152414512,0.3578434863386794
0.8597447727401193,0.3682469877754988,0.4741847403423258,0.700939193680862,2,0.15049549807258555,0.9491124568882471,0.38765099618237847
0.47824736632175446,0.19482843002577083,0.30766101368328624,0.8736469797702366,2,0.503570074403555,0.9986173191643847,0.6370801672303135
0.7424129220472508,0.803641477010442,0.27553511812838477,0.5287172233980435,3,0.8016425898313673,0.23540724884152664,0.5924508689287082
0.6525855711966329,0.6797342993283243,0.8652146664897788,0.5447300791654055,0,0.44153401037889695,0.7269798713458154,0.22195158808604948
0.4136226161355371,0.14336741115396662,0.9347180336652465,0.7174425482477431,1,0.4906135758981991,0.37803106223319516,0.5314355412707694
0.9029039890841264,0.42404541931088047,0.7198304374114397,0.49194902238690286,3,0.8487675852813142,0.008108196886213226,0.5762310906308965
0.8379408172855425,0.9611198339358575,0.2827472918883867,0.3186258562543789,3,0.7060581146380308,0.009252522435902355,0.5431770143572251
0.7267614677267404,0.5503610311391811,0.5216217735105926,0.8146599626711173,0,0.4904544085197847,0.46056600756225574,0.29518657805149107
0.8804653832753935,0.48945622241773423,0.7831513600841258,0.7379549390590172,0,0.25769564818917967,0.4883349130043346,0.1746108020244227
0.893835360767842,0.5119296446433645,0.8238567072080545,0.7065291993389613,1,0.8849267468449666,0.022569696573442655,0.35768010102059494
0.7666903813720278,0.2879944516046474,0.2945748978328709,0.819178890294276,3,0.5770204016905583,0.6869274167743025,0.6218675868558705
0.8696106626909377,0.4318364537783157,0.20002457507630594,0.7726615862934262,1,0.2211476101106934,0.2940033885949531,0.4002075212200855
0.7579771693354269,0.432831930388459,0.769709636704484,0.4441173917248248,3,0.26911975263801036,0.5598931015359494,0.49760248507688326
0.7441126174082404,0.14711951816872518,0.48527694078896455,0.5467367328603457,3,0.8031330889362459,0.30091907316541877,0.7306030166086642
0.6948891025721475,0.7908108656661265,0.40358506529460825,0.3882770991750375,3,0.04414556208745546,0.1671343148693072,0.5002627006849965
0.8021733116461129,0.47485398871349105,0.21031797583162037,0.39089990939251673,0,0.9920921870288201,0.4071737385988753,0.4971788625400266
0.32688408423445897,0.839961898134781,0.6322395254091997,0.7733370224495775,3,0.13035167971479178,0.23227336479050076,0.5218000377610372
0.9046966073591427,0.8653132010079059,0.8809205883407853,0.9010200748877486,3,0.7960685253969374,0.5348009769191681,0.30519399337773945
0.8974748221961857,0.2907946492287923,0.9661053170180705,0.9739128087027973,3,0.39477531677168287,0.19882853028647995,0.4123817348619659
0.22339782642764733,0.6916181339531157,0.6525959604906314,0.7398429822846111,2,0.49221618328746686,0.5084059766446271,0.5630543901177665
0.8606534004518103,0.5250536237466835,0.6115690621919154,0.4288709263526699,0,0.8806505774645779,0.15737851486886756,0.3695399797027631
0.3030958939787562,0.8921410641293366,0.2680451083913929,0.3739552418142515,2,0.41291118958921325,0.670974709485785,0.5896400452724982
0.46809508340731354,0.2941666112588087,0.6390982412340798,0.8689956800757304,0,0.5374937536732345,0.7539376844414241,0.41637279689684453
0.7948066050332863,0.7100318802790397,0.5039832631723158,0.7051295334519995,1,0.04929966240916994,0.11039423424993378,0.27770949317117694
0.32860791683864654,0.6469769100274503,0.6857082247068615,0.7327995147096038,2,0.0023474738674531537,0.4678024120373392,0.4627647918046347
0.8543736192952498,0.36577132981464955,0.5109810783012374,0.8470234621282964,1,0.2447998730017259,0.07087170065487358,0.3657964794497601
0.8657073423661936,0.22294081328605536,0.3922392987602934,0.7922940594127161,3,0.6805830929187673,0.5981824455420024,0.608838679855892
0.605974187008669,0.6864757844295489,0.27597222018270123,0.8841207769992676,1,0.1212648933591367,0.26440429792964537,0.37671890622013654
0.20510869737346688,0.7647377123190976,0.45193475567111663,0.3393497338219149,1,0.11376195880454942,0.5276244568387078,0.5210786463328714
0.42963050653993023,0.38406460938701503,0.27731586743020187,0.8232644457225533,1,0.4109606080359033,0.5174610093842912,0.56206615590073
0.6935415347005938,0.6803493436200824,0.34151756065918715,0.8955969301254667,1,0.6478370386082265,0.9243543461938004,0.3591939637205308
0.9849489424219389,0.45561781685035296,0.9898689268636367,0.50029452972082,0,0.7120719922479305,0.5490832225687229,0.19771969258532243
0.7054508216133348,0.7418861949543559,0.5552828455252949,0.7483130917952769,2,0.17845067409837478,0.5829984797183156,0.34092965709923817
0.40784286485132787,0.2792937474046478,0.6254974132040132,0.5199134446858804,0,0.07958814737204245,0.4016531257643803,0.45557082159919177
0.7072045624796892,0.9011935023725569,0.8988948229897724,0.9705797465377177,0,0.9403970339455442,0.9490796031828168,0.1242808804434289
0.6319883037726843,0.3586686368190217,0.9964551203925502,0.3233965007048526,0,0.26066638256210173,0.7771859094396096,0.2968289640405746
0.8238763161209148,0.4310073889805376,0.6661715594757452,0.7058549906830685,1,0.8533464976087238,0.28540529030284156,0.41776397481077
0.28558451106156674,0.15228275687231482,0.8499790568353374,0.4165524829346605,0,0.8634914504628183,0.8442095857762321,0.5855403144815379
0.8088223220016224,0.20036099108914876,0.46155281946934024,0.798554143624011,2,0.7725225917625445,0.43239636018509,0.5725751797877029
0.6330132629408882,0.5642757124410953,0.4445951659578329,0.42312319839306345,0,0.16883360665257008,0.8286671435335939,0.32559015503848
0.9703936030871958,0.34083340905517434,0.5221629767956482,0.4647682833288503,3,0.8218014592542003,0.822888068293502,0.5597132896854259
0.47349773283094887,0.8519322031679749,0.7380058101389193,0.6460595677320307,1,0.7692505592415867,0.1888701867628544,0.4104992295263126
0.7060975145071586,0.11322404978945846,0.7457533514040791,0.9403844649978146,3,0.5967229901062171,0.7011411313835769,0.5802924826122461
0.9456224844080141,0.44118464380474254,0.45219154771956066,0.4482000605035796,2,0.33720203516895275,0.2906429693065311,0.4521437349575903
0.2820077823925434,0.40361099209218343,0.306567939309303,0.40096801478267247,2,0.2625086042665441,0.2974926699926682,0.7331178171716708
0.9497827897891609,0.11739486782584094,0.7059170051724069,0.8312837822978214,2,0.12188921208035897,0.29634807688058074,0.4017516707023001
0.7503085778406506,0.2119315591004592,0.3026606897510116,0.6504336726337516,2,0.5097570669008714,0.7255682475599482,0.5872326617018758
0.25426964728413753,0.47227840742677174,0.6627940065834641,0.93824957866724,0,0.5852608755098465,0.22982604179253607,0.47242414569193486
0.44077085355745305,0.543578126002702,0.7547377024450472,0.4026301900118896,1,0.3593389905157872,0.0009058352460902253,0.49836004669431067
0.7665376709162253,0.4638607725293822,0.7604891971155614,0.7521495251161274,2,0.47535906768086855,0.7152368534826331,0.388078589285309
0.2538804811750174,0.5778439105708845,0.8027776885276774,0.4630154023062705,3,0.3635144573692667,0.17118474383512527,0.6716590302798872
0.6657363681410187,0.6356185074151134,0.8982875372525316,0.40973230005614747,2,0.6410060573207013,0.10448239530783465,0.46340993974876615
0.4767064455623654,0.10893143901505208,0.5999671935718307,0.7784005906100893,1,0.9012592077965633,0.23751612059406013,0.6532615404912188
0.6967324142139817,0.5176856435081535,0.784199351623657,0.7155792339361132,3,0.16392026204694488,0.379900522322704,0.4500853721745272
0.2365936270500103,0.9671493167988294,0.6953381882926695,0.8283792208536318,3,0.3814088099031234,0.4759063274732007,0.514621449091611
0.8972294449219012,0.5671290521165938,0.34931195183814606,0.5166238035123276,3,0.14086860395086132,0.04457004071263082,0.5079504870778344
0.9787911753419176,0.7097880407130579,0.22055171589552655,0.613580159467533,0,0.624943770407832,0.9705733326273605,0.23425298442203676
0.9751022842285533,0.38067747212519487,0.427633108541547,0.583830173431293,2,0.7288705094885958,0.7160630534195581,0.4707825378223247
0.7997214653943399,0.7965922403374863,0.5544269650700955,0.98886262477656,0,0.9319127325974559,0.32319406532433614,0.2384388121160875
0.3040689921045056,0.7956293336885035,0.6936847555429251,0.5045742697175715,3,0.2788719262609649,0.31869725728539733,0.5843197569473437
0.806610556743218,0.5691664428887251,0.8799674644025643,0.5063720668427367,0,0.9502112058654302,0.4485425493684594,0.2950848665045554
0.21966953316704121,0.9784124409512922,0.3569965733649325,0.5481837461800252,0,0.0632626718206748,0.626244822763033,0.3558646266828874
0.21769884122319783,0.21299519328638805,0.3004398319187817,0.695215856903225,0,0.6030138633645882,0.14637306658896776,0.6853095273865076
0.458888175319633,0.1152528984006229,0.9707839579794622,0.47662592098462164,2,0.057132719343329974,0.18892981376495233,0.5739607216405503
0.5909145523237327,0.7931423905813864,0.2864356475011257,0.9407029582654918,3,0.8937741877619448,0.8594345828335509,0.5561217398220961
0.8163259342462346,0.8264399836283943,0.5827928560857514,0.4859798954063844,3,0.5298090570700541,0.25625492388907256,0.45636184706725536
0.7466363012852042,0.20818650620851864,0.6684509830346415,0.9270710120921362,2,0.6693483507627961,0.38019499797517753,0.5175826365933501
0.5567221651013987,0.3390245496627455,0.6330995367259507,0.3724325445526092,0,0.8315739259104525,0.871271850950117,0.47919730755106654
0.4189013330253327,0.11579712702996603,0.2688257256263546,0.7595938916797565,0,0.15031062248396876,0.6631478293998225,0.5337411875000685
0.9976996001261689,0.3639777497025083,0.2456215312028955,0.9348898629067706,1,0.038591561938133845,0.34171187934168834,0.30933313244667343
0.5409450417887784,0.7958276865268044,0.28438674196882857,0.41812460687876063,1,0.8788811459128522,0.6836995457246208,0.5149171172641748
0.5611096194637404,0.566164474941321,0.66847014709809,0.9778288720694785,1,0.3149332274589325,0.01968321538141371,0.3747243168288645
0.3308990569533353,0.41328603385145934,0.635475910107457,0.6170183522908581,2,0.12897890792716526,0.7356426600113652,0.5571417421020562
0.8358476389999436,0.43456536541569724,0.3869926336293954,0.9620005759087171,3,0.46846123708708653,0.4870160405162395,0.5113211420080649
0.7549457806251909,0.10121826314392135,0.7102193134764734,0.7737740305410328,1,0.5983060756960188,0.8131821472844613,0.44393314574667425
0.3766156902310083,0.3698204748087123,0.8560540016445195,0.5111108089114861,3,0.030970603422510123,0.9546376520064683,0.5630155502021906
0.26590483649267416,0.6818128674741374,0.23326316787727502,0.43181176744197447,3,0.2748956582570877,0.9257885494945683,0.6982040807291394
0.7443994416597706,0.9767749994347213,0.5985039548384339,0.5126145323575695,3,0.03279987427689601,0.9092650434553408,0.3109471771705393
0.7236089714249083,0.8623547442855095,0.7514483296821524,0.36511218648387245,2,0.42033538919549895,0.5121699559338871,0.352614535439234
0.41860762159856746,0.12123546818097622,0.4018495416557497,0.40070757644033084,2,0.8951000290662443,0.36014211413893804,0.8328111111731243
0.9606908498003284,0.9087045442073554,0.4462167242345193,0.3732623082425368,2,0.9826524114935692,0.46503532473067277,0.4038135008708547
0.3208463134247202,0.8048785719687633,0.6909103223915071,0.5960604806190903,2,0.6370475535036275,0.6898960033133608,0.5148428409802699
0.5458678408340816,0.8023385112138823,0.9183482347549896,0.8569048633803105,1,0.1616376937845918,0.8839977768711867,0.18851446625589882
0.9548927361340791,0.5121961831032144,0.8479395362423194,0.39896848795143813,0,0.9058493899993058,0.20698630300011955,0.29144380971567574
0.5357818535408978,0.4582047636590526,0.6665041752796668,0.3912243032206351,0,0.5162478232000605,0.918193158461703,0.39239392665072
0.7108207581312684,0.3726241559498734,0.7841773742057994,0.7504002646621315,0,0.1537493121029181,0.8151802319698891,0.22964701793944267
0.5180755183702355,0.1591253730589292,0.49185797616623894,0.43802808737764637,1,0.9217266694516614,0.9788560151782346,0.645735199129392
0.41937216187893606,0.30541182714432924,0.7127724224790062,0.36832702667629413,0,0.757469050723103,0.8802517732816871,0.5108663719753124
0.9871821183678626,0.32194327148022217,0.5729452729020457,0.4167940047439043,1,0.7317052727231516,0.27993732969190666,0.43528809419469516
0.5274672050520344,0.5356693627391814,0.35194890916604876,0.9466119771137431,1,0.7091807037944047,0.10595591134404769,0.5212555550601646
0.9152793629433076,0.7726999659370246,0.7613906191018058,0.8750298769433336,1,0.20033982109644233,0.11224107199158861,0.1560035294572529
0.38396368471286896,0.526428845558152,0.6451717098790577,0.5478451936485659,0,0.21100669170752606,0.2912233185782761,0.41092132324971153
0.37048376322006665,0.15206000450244456,0.48689726556287316,0.7590745371291749,3,0.688292998427255,0.6141837239845392,0.7946351751830172
0.2249072663076091,0.9620108208893835,0.9290713520629046,0.6760929715676266,0,0.21972275011039688,0.8043203260971725,0.22443908180751249
0.721333460300708,0.948451887184701,0.2167472942613866,0.7739869844377947,0,0.43867169680304885,0.8992503069815647,0.21393083177629854
0.49482107497900896,0.8066705888335676,0.4526185209995968,0.7778698067239315,2,0.7820018255939414,0.6237533843692328,0.5024345517368635
0.8914865998717096,0.9921951114077985,0.24550511822211726,0.740113810541995,1,0.783952518097841,0.0056313127480537295,0.3265052965260238
0.5785679253532457,0.5900340995202367,0.8132218529773019,0.48627095797611597,3,0.45326177252585964,0.1863167765185335,0.5557390136767548
0.9745547423317775,0.9664915152278855,0.7616859632910342,0.3273044945339727,2,0.7921899382752451,0.09972620385336795,0.318239368147277
0.3484204125624969,0.1680445365550757,0.4650817749890537,0.6188967473930762,3,0.8386217961980568,0.36332447556901004,0.8636235601804996
0.8948985343644886,0.4291126734352342,0.7405303217656585,0.9236817192834925,3,0.6547757512842602,0.5013509936337459,0.44559120282582787
0.8212774822333935,0.30284314120608924,0.5167497809567598,0.6986480809630031,1,0.22842585230842016,0.04339717857856085,0.41633823084506283
0.8167374757152417,0.276249775720843,0.8050030331379474,0.8826737291913356,0,0.2740117803855475,0.3484779757956553,0.24690821161698973
0.8758265824935101,0.2267226540034085,0.5633469301893649,0.9941370400728597,1,0.31484115540873536,0.17917967462532258,0.36794426791164425
0.8088191927543991,0.660172277409397,0.5298237822653324,0.4145313428967934,1,0.116804107733952,0.6470701662588739,0.2946246134926254
0.7009762573051324,0.8031896701725746,0.9477839323906407,0.7842443473993876,2,0.2731596203699451,0.46427236932434,0.2558316100964159
0.3049959021459101,0.6204685594783246,0.4007032799125602,0.7720055015900171,1,0.20951922431253212,0.4953176469339088,0.4910945223430176
0.22602094359300154,0.23226643862938873,0.2963578719972524,0.9859688131507949,0,0.45532874980860216,0.4276917880334611,0.5928585269099884
0.9366782782525496,0.8300113929401238,0.6676344906075666,0.9899205137669602,3,0.9084375478722649,0.956019710486567,0.32324167167881834
0.6933202516165904,0.6723592364473556,0.9754574498273432,0.7806750282068906,1,0.10448031675395808,0.21473512512156323,0.21181537593432684
0.8372298327809411,0.449349135514296,0.5022713709817493,0.470530354387536,3,0.7202679239473956,0.5166642598438743,0.587716883965019
0.5852178812100401,0.7067172659824567,0.24962941090302523,0.8589890866914194,1,0.6872830044131277,0.7360173683653359,0.4361184172865691
0.2938465511699156,0.33391448131854956,0.471444213847654,0.37492039394772664,3,0.09575419866335766,0.5568444131345626,0.7465834951116179
0.3001486337620404,0.41067298764478943,0.6047453234556468,0.84648951292014,1,0.9225724049058001,0.9290208857168011,0.5711238616225139
0.748452229783177,0.9257372588187912,0.32953840530577094,0.9371372869012875,2,0.5684722021568196,0.37796835564128417,0.3653645500783454
0.5442447159195702,0.3614540551042784,0.7264817744451937,0.5679833763379046,3,0.36372552113568424,0.463675805773178,0.6088347029986069
0.3604197813602694,0.522989441342143,0.9981995112081605,0.7414447064881563,1,0.7565385834953067,0.08852231521472842,0.4824875113634615
0.5932756373931496,0.9011270236564132,0.561391580785155,0.6010999124677784,1,0.25736545840163405,0.6089991110519285,0.29208438486195465
0.2513671496601073,0.7369492152407747,0.48378284538417016,0.60643553849169,2,0.6935098370463204,0.28821196844810604,0.6416316585322317
0.665577121531519,0.1559829035482325,0.5205633334675733,0.517259622375684,2,0.03971120757224722,0.16030903951556885,0.5788446376721483
0.4151947235480782,0.23257273985107332,0.29211694271616095,0.8334907343152271,2,0.839408037609272,0.5445312929045081,0.7406684792413849
0.8380472805097505,0.10705743169472515,0.906618881140979,0.9553235949165535,3,0.4481708470213185,0.5323102633799106,0.4870237259905909
0.44828956713885904,0.6678296112062471,0.5318605244170815,0.9585256014641228,3,0.6366929143579417,0.07587164122404755,0.6081615414393067
0.564176119265441,0.5029060828693765,0.509819529139873,0.4223468994124537,2,0.22123781980668367,0.6982154534944728,0.5179133367303075
0.2092964319264805,0.220847365812048,0.7277522183443794,0.9123205547595963,0,0.677073712658448,0.6237721906508529,0.5365551610956272
0.2579575102356471,0.9621407089510934,0.5536267367448988,0.8162020089989854,0,0.7722402758932766,0.1890172827464972,0.39993943653358216
0.5139948451253479,0.576693751551058,0.7185867750462769,0.47698618048320246,1,0.47321318688439873,0.46943486215404384,0.44136627300541775
0.5839510677736988,0.3177039647016003,0.24915703210463003,0.3470992290450602,0,0.6177269240617943,0.72032291647856,0.5431553376826384
0.680016438495443,0.5505432140392368,0.8509786749777819,0.4875980868190646,1,0.45632592382239856,0.5294357405412765,0.3508864390164642
0.4333300629674426,0.711658299461597,0.9524031623035221,0.9385457657470679,3,0.8940913692578455,0.3954890761835702,0.5257725109239129
0.7559855089012342,0.16861529617620802,0.7190123089275089,0.7432250724270406,3,0.49786918051431917,0.32233845808094364,0.5937898839073
0.8880979177513637,0.34723343354310277,0.9636527430870487,0.8047382626285102,0,0.8418087090288189,0.6103938666440536,0.24053811343954942
0.8238807911146799,0.8262689417955943,0.32114585149597064,0.4800066457763671,3,0.8013520582702486,0.9391086983102406,0.5016887039184303
0.23169506027868572,0.5136983833623952,0.581932951584283,0.8035717089023742,2,0.41050482134835653,0.6717448404774834,0.5943403298184171
0.5844055578062632,0.5919194278290655,0.6814453871563578,0.31968505439454664,2,0.23008449185747504,0.0747459036363155,0.5087320483543808
0.28394414273453994,0.4895344019885224,0.6653893179369494,0.5627249420411096,0,0.406082132559771,0.4606849734821338,0.4677930197853647
0.393636012690022,0.13950994837870462,0.5211694232712346,0.7387273439796318,0,0.8262173757752201,0.8908241315106276,0.5659300904024158
0.9893300746137172,0.24917480183814034,0.47046752749300913,0.40226759587892413,1,0.22763253581939236,0.09446242580108688,0.4202395350671303
0.3139964343212106,0.5009874748677018,0.30145921804033504,0.8761025021128543,3,0.5244363458577493,0.9888757121375433,0.6854596675343554
0.5991105227610849,0.28826691886713507,0.5133939604498226,0.464521909168343,1,0.8060967479607475,0.9490693936454213,0.5550266005103407
0.6945245874544953,0.14498112579371086,0.33012865208438813,0.7565967789729123,1,0.3534774751283788,0.07827448072987586,0.557020550757922
0.7619719764352832,0.8592846976466414,0.7874925411937748,0.5836379998027308,2,0.6422096370026974,0.9334133204495549,0.3012796462656091
0.6477189467895312,0.9830732762477042,0.367064748395672,0.717230516834353,2,0.24563157404881453,0.3631325902594622,0.3632234237485345
0.20781667793534694,0.8138285865970655,0.24685224422762708,0.3752153868402357,2,0.10927944536815992,0.8447091670758625,0.5947358817916198
0.46116904659519353,0.8684064295342003,0.6418929102537875,0.3118389599451251,2,0.7943842250928563,0.4183833377132715,0.540133740178107
0.6141693147077691,0.31777941728534087,0.6761837861755213,0.9366950991662109,1,0.09896862340870682,0.44085511270251587,0.36991896949493164
0.2702931993158667,0.9645642779618798,0.8975304490244045,0.4887410061370279,2,0.2713813950795846,0.6342430909775426,0.4076076854664351
0.48050154496734465,0.2772331340080856,0.6615852899341454,0.8737739019463213,3,0.8551094219974401,0.7744774192759833,0.6754089348039692
0.22656248703309326,0.956286829325649,0.4763846829787566,0.99954521033054,2,0.3464692870786672,0.033789150948248636,0.4985657121970086
0.2628627977240166,0.995337364569356,0.8424095052210565,0.4480018805992378,2,0.9730453495141611,0.5931559955271343,0.5249632347973836
0.5175386209612769,0.7405505251714438,0.6322231145499368,0.48561951882834886,2,0.9797343347738597,0.18673299409737099,0.5776636502095897
0.3061726032344483,0.9830293586126397,0.26342422770495344,0.7640018513442659,0,0.2682760204535567,0.34594951786320294,0.3623284984358023
0.6540326786092465,0.6125858016103933,0.6526804482505973,0.9758140442204348,3,0.04097822224989045,0.3479686661552165,0.4130969817922013
0.7515719753098127,0.3335876048584813,0.9264148363373299,0.9410700437335207,3,0.7050632842053791,0.4690603402211536,0.49231720162221904
0.8404693592872663,0.49329629709905876,0.5170501003985765,0.6520128640459094,1,0.4509865026483437,0.3341364118761734,0.3716699825528253
0.3601201953958481,0.6342048418409073,0.4370606415198401,0.8565771977687071,1,0.10075284395957629,0.10736111845066776,0.4590486274762976
0.3339860658072558,0.1657734058243135,0.31477556561441605,0.39502209716993075,2,0.7075228189780428,0.14562873852545144,0.8589026257208211
0.2836542722675202,0.6601089381555215,0.3211564175482859,0.9842067289428085,0,0.031174909111921223,0.03343798556109767,0.4083093977129759
0.7091441996349095,0.983060053086065,0.5462171874734552,0.9750472638251906,1,0.8701966904922421,0.4702490853287543,0.27417133864538756
0.7651805811895209,0.2710968848053549,0.6765438593292237,0.41461027051541965,1,0.13865252911330372,0.9544476948529885,0.3728825072215878
0.22526891586051365,0.813335604659545,0.2644923241356814,0.5095961873621746,2,0.127311878746725,0.11567522364811655,0.6209165717230057
0.948969796994952,0.9171089144016574,0.9516548712201327,0.37010849825473685,2,0.17567229796858452,0.946264493003082,0.14208472395189606
0.24157702692117794,0.9493314335381987,0.8041068939561569,0.49020231922872576,1,0.9602663584920665,0.7333615147320935,0.46320439783513234
0.6330370682408564,0.9641220439649025,0.6692991346269301,0.8711690525906446,1,0.693169360253846,0.6374988029341632,0.25761275928518795
0.7672484155607331,0.5693136748493247,0.8627509367511927,0.5648209250156816,3,0.8013715354636367,0.6452777553235629,0.4878287809655385
0.8967752989968685,0.9795771171923533,0.2641494054496907,0.36187787700273083,0,0.397634985732753,0.8267276483962821,0.18986130102862997
0.7712695457059422,0.781579186420995,0.5814711021864996,0.5395578673452331,3,0.33631272750495556,0.10691986437982137,0.46103152205013137
0.8413824664558336,0.24550429261326573,0.7040745014893308,0.9869683339688959,1,0.23448400678316994,0.5047543235655417,0.30967716799408485
0.4715601540342449,0.529210095821173,0.8629223248946314,0.740778516681442,3,0.48064802831240894,0.6970911382607585,0.5311917814322972
0.8518600909972098,0.7464980578348036,0.8267756480394142,0.5913126624843104,3,0.5518287335341685,0.5868204450735637,0.3768942736717619
0.2640918771077401,0.322606284237175,0.42165539977071975,0.416576959448089,1,0.6317748436527554,0.8327790710232946,0.6775851403038624
0.9158533248484222,0.6765536651939986,0.9527041356473636,0.9903237580985862,2,0.2571185039986945,0.07227170901135149,0.20942188076824383
0.638073900922989,0.6999404311419573,0.2994766731446963,0.8745943064841901,1,0.9486540809029906,0.690701039499166,0.4470938275467419
0.8538382159699951,0.2464297694277093,0.9001068948969217,0.49703411171564355,2,0.16975849820713584,0.5340277303847177,0.39499477198889527
0.5618546276146401,0.6085767812074806,0.976752199683695,0.3490480870048326,1,0.9656531747664123,0.3791608639799434,0.4552343752078155
0.7148621561572199,0.7944642198807469,0.3417228185781005,0.3396378901642906,1,0.014856122507503788,0.34027498223403085,0.34942409681409015
0.6211221287488906,0.5490060980823478,0.7776528513630283,0.38426470465387363,1,0.4811256918168456,0.6208326327741929,0.4009970441622458
0.7852716174042655,0.1108928050984967,0.23222841502239877,0.7065380085300952,0,0.3333678381165628,0.8909953746442648,0.4271504130362091
0.26530398562447166,0.10813462217136297,0.524338260111324,0.9501343948438445,2,0.4491234139302508,0.49617592610111527,0.7103331756240767
0.24828166719245104,0.42132640957301093,0.6130266393581392,0.6477203996041891,0,0.570664578980789,0.8247231640769201,0.4972809839127171
0.39768258720811717,0.9335746615886038,0.6645161807277074,0.8900618377193379,1,0.43558915801270903,0.4021563818439675,0.33040328075306674
0.3276357440905507,0.3058091016432479,0.9487497985988476,0.6121206339018654,3,0.41484685030159496,0.10239446279317654,0.6829676280693625
0.8974268532737615,0.6709273199845184,0.7378005498353557,0.7960084820374775,0,0.7327234154133065,0.06150573645863855,0.21746005711560498
0.3753711898864355,0.29986828362398854,0.5850223609753896,0.8123109161005506,2,0.6858762750864646,0.051334371323677574,0.688012319757814
0.980692204655305,0.38950299069359373,0.8477400290127115,0.42177459413233703,1,0.8332712820358479,0.38015014195766994,0.3644342305260163
0.4695166334168855,0.8632378806413356,0.9604262567635271,0.5528512412830682,0,0.24995898123949556,0.33723775083584207,0.21362100713076512
0.34569433255095944,0.7559752980429522,0.2176529189458327,0.7461115095766166,3,0.6095285097540636,0.7179370236225695,0.6689441625991644
0.8317588057139833,0.18585934958188957,0.9860170178048311,0.34948762572905634,0,0.5851947853928539,0.7428215015848658,0.32277646596046566
0.726966220400701,0.48583181888779026,0.2689057112509443,0.5530781314340696,2,0.36973781087268875,0.05085396883373983,0.5661612516959286
0.5985565731625112,0.12625278728073802,0.8515094234150091,0.6743596263968347,0,0.4860575419026809,0.22112326288901496,0.4310907772705981
0.644290840750105,0.5328011319427081,0.42426780204113,0.9973571451312471,3,0.31378214330572873,0.2742618501588997,0.5322069267058724
0.7753614226178112,0.6961906105309613,0.3057437262030974,0.6321734938357084,3,0.1418443976169852,0.5476119841428094,0.47078488492276416
0.382763793065039,0.2066523612383364,0.551884511771068,0.8712397299800265,2,0.21380121066273283,0.14451522390695026,0.6353863772713495
0.9970671328453935,0.3599964450182491,0.715165263558091,0.6024470995466324,3,0.10551364640120109,0.13394121940000037,0.42753968687262106
0.9798345297174265,0.4580529629519412,0.50476147601878,0.8574735058337961,1,0.6830695751901241,0.943788889207958,0.2930539943555813
0.7202605490775496,0.9275779221904448,0.24365232662615918,0.7167903611340758,3,0.6607273931091515,0.804202907297781,0.48161680281725144
0.3596339607433161,0.9939295138806676,0.6795689117269733,0.9206168090516789,1,0.9506063715798728,0.1806549020911703,0.4103861180699862
0.744182593945033,0.1404201690960543,0.9219226208885398,0.5876597866450769,0,0.7296784136472413,0.40656780790549096,0.3930149410070654
0.2577587271833407,0.7849071311458529,0.5065722927578014,0.7230130938750352,1,0.052045838756131446,0.35562199925756555,0.4314090859090318
0.22452200176464487,0.43455165976210897,0.37306622210466167,0.741013076433179,1,0.8842451739289542,0.7910040740654073,0.6625021672914544
0.40614631080897096,0.45321236760653205,0.5540618767462524,0.5921680592603313,0,0.8626751629457258,0.5102129164781221,0.5169945441325656
0.5700983653914531,0.7788384760123204,0.23869016883902472,0.40101843058123704,3,0.4433203207726987,0.12784973699346702,0.6449127511346562
0.8946180043267045,0.9265837889308678,0.85639006758422,0.36549158483863486,1,0.5858630505279215,0.7389920631562439,0.18277033344184468
0.7817352558130464,0.9558357350522936,0.8610726487601494,0.31167008541974317,3,0.9760783324725189,0.39688797822491895,0.45059070712826416
0.7941652169599849,0.6194103274344887,0.6704003707437027,0.9114739849716502,0,0.5323043638481663,0.26292424763214706,0.22414099473888802
0.5403946675584603,0.4214090433704526,0.4824823111507116,0.46553243856708615,2,0.9053218283760898,0.37549862202072015,0.6737294519632049
0.47674799403757034,0.8087941772729014,0.8398266915566268,0.4480547244972376,3,0.08303875781018644,0.49775656360689635,0.45184250190327113
0.4968310103876822,0.32590124493607026,0.6437496198306938,0.8152247802982457,3,0.19105186870868285,0.34311551641700944,0.6021241930341161
0.9901196509888464,0.607666625950166,0.8607458468400131,0.5240112791611742,2,0.4407549434413178,0.24190577259175783,0.3052145311981904
0.232087353129986,0.4227206153723858,0.7051670340664165,0.6542312846882856,2,0.5847568083373047,0.39850202880398033,0.6610608335150424
0.8936251968979589,0.6909679663370885,0.827524378570238,0.4137577457082194,0,0.8162278518628002,0.019172910749898242,0.26450397099476264
0.6629403268579148,0.3163590216041562,0.6788503945742079,0.9718220050233783,3,0.9882621151431868,0.7724978460963139,0.5987733605798681
0.5508923353516724,0.2724336511613432,0.531312854572533,0.896106980012066,3,0.38885149647411643,0.1709448935675858,0.6523380678216153
0.7802061283321093,0.9264151780078934,0.96635668794091,0.9046527360755023,0,0.04741563614008493,0.043904613630637246,0.020676391849664837
0.5893351531397624,0.1916233146545832,0.6328910599030758,0.5847416240004036,3,0.8011715032953248,0.6536986929050792,0.7101569902687097
0.8987385904653284,0.5553621169614386,0.6840716148324307,0.8336528495950208,1,0.6043807190828081,0.7739361288236722,0.25931115251927395
0.9205614912090068,0.29876750466670804,0.3763901115317994,0.4007133087728461,1,0.19854285886820167,0.8138291315928432,0.39489183807586997
0.5373767414987644,0.13503696699310072,0.7005206315418213,0.3060333018142462,1,0.49482845662142017,0.49350918266059995,0.5923251327890312
0.42146223778804126,0.13241693646228375,0.6572861195863551,0.3139810528046197,3,0.7423102455337244,0.2053681846899853,0.8472374283160707
0.6738802628746898,0.25769959489524463,0.34787071835761996,0.7106212161831923,1,0.7704117870686438,0.7372276772498267,0.5472236992128376
0.9298906764933528,0.8800933190554002,0.24766967788251498,0.6187764336735585,1,0.499618411998762,0.6997130771543372,0.2702016407818455
0.3685297512045333,0.35423086957932404,0.6834874557718169,0.6626107442359638,0,0.30521453012885913,0.24627073410317324,0.4587938099421903
0.6983732668507863,0.9554132535177662,0.8109538154802565,0.30522419829205355,0,0.9737425820384935,0.903407755862793,0.23643569835954525
0.7052481760740166,0.6234600636902742,0.6187210967376067,0.595880633760198,2,0.6633626109564928,0.104371458082829,0.4898957471913438
0.7864904179322247,0.4929527707918895,0.3814181002557166,0.8026477128406024,2,0.4082375193462987,0.9826882395913257,0.41866476585522083
0.30525414810180784,0.6220799512025091,0.7332175813544279,0.609885591377205,2,0.2804632242046524,0.8602478109774646,0.49810654121264314
0.7726599717456708,0.565028546703641,0.2640845812876818,0.8125534444185556,2,0.7311029830035621,0.6878986454790752,0.495684483067973
0.9272260165325128,0.7828986283815926,0.5534669638415637,0.4631132750777843,0,0.2421834455937677,0.9387498882798329,0.12707282909843118
0.3437464870961936,0.3542464593755671,0.33069340671873615,0.8691994031372077,0,0.17170998897368817,0.7223111683237078,0.46069520078231985
0.39003465993910214,0.4177453524402721,0.3475672408479067,0.7119018683174165,0,0.5298338889620703,0.19045699703004593,0.5357469754320136
0.9771160752333117,0.9046848722799257,0.36183515932656296,0.44753416960093434,1,0.28998739264414186,0.44215613811281174,0.2339265196413714
0.3447815621675918,0.9518108618353649,0.5093656456351823,0.465704333097683,1,0.628905144923615,0.07150302433163536,0.4929151270326747
0.8835080746956634,0.9033024047378271,0.24092016449631812,0.7396213251986758,2,0.11793867487423348,0.3896574222881154,0.30414629653808967
0.5938222851584278,0.4775031945615822,0.5182347527432786,0.8809577152487102,1,0.6549411045673216,0.7416030197372087,0.4327418398051407
0.39778485952254167,0.8023289527061935,0.6093659576917607,0.5909394474204086,3,0.2832965279977022,0.3864433509308174,0.5496647418388747
0.8965999210180091,0.5287021599709889,0.5866354279730601,0.4808103003893145,0,0.00024293443451273156,0.3302941754681341,0.2118440083540191
0.5562442040021325,0.547785866931492,0.5062272803224325,0.9069081248374202,2,0.12693605767417637,0.5953557225103119,0.4313615215002665
0.6118538831437521,0.28421209815155557,0.8713172864566021,0.7684878042255844,2,0.9336153778350941,0.872204528998895,0.525982453378979
0.48738669551981256,0.6320172729326649,0.3162613539364033,0.6136598410981535,3,0.8673546391153578,0.04758319254611243,0.737841670651605
0.6743606811479419,0.26752230797801313,0.6045573950250992,0.6415301366955113,1,0.23360903203623684,0.3854704346997354,0.44521250726324274
0.33081909806801824,0.39840822916047436,0.24963313356524344,0.4429795275554774,2,0.7783719045454912,0.1582407418152627,0.8087453098302103
0.5128652293214087,0.8695271814579416,0.2569245431023278,0.7387618410453907,1,0.6085715931739742,0.6953542507318696,0.42239914406637435
0.9755298578682301,0.2863682282897697,0.6590926797416771,0.551119757380022,1,0.9709047114498695,0.10572456043113487,0.4591259134550288
0.40650674616090204,0.16404245665608952,0.6528147399102568,0.9969516236720444,3,0.3736056595340591,0.6648077585802445,0.6570857006899089
0.7253893316330338,0.1621068333515347,0.9024268102755657,0.6361284606833215,2,0.6814606125171713,0.2861808707979073,0.5386915011761503
0.4601520513797559,0.9467060684527971,0.6462989405280586,0.6401199243327291,1,0.06353572242391858,0.1989168137372247,0.304728692429932
0.8187785005492805,0.5562283941656512,0.9678328163238803,0.6960962511874702,1,0.39624734681640594,0.9363525578249854,0.20386017667507872
0.3046989285746799,0.4684708646353165,0.23895587871994384,0.9417292021831227,3,0.9638176611881805,0.018524576745955867,0.8376573747007449
0.9758568360628359,0.8297907229071266,0.2784061478245929,0.8605726699018252,3,0.5389808744501206,0.43777727188956894,0.39712820677171284
0.5630316331069114,0.8522433351194644,0.23525268925630513,0.615791048858489,1,0.2878795033348446,0.02162699246179378,0.43421306802938886
0.3888403706771712,0.39897192980404417,0.34822148026683203,0.8030894861809572,3,0.12027096312860686,0.483593048104329,0.6661991331641396
0.2587973978640101,0.7242562517264157,0.6330160887533425,0.7103648491465331,1,0.7035283401815304,0.5010473777944182,0.5075044826285497
0.33580632407003264,0.7940105342666979,0.7164577451419425,0.6446569340908742,2,0.6448560434297268,0.321662471394747,0.5279056680383504
0.6158191588448141,0.6891856181793591,0.23646812635893505,0.43462104094904536,0,0.3739387136037746,0.13216177752502367,0.42021874642864904
0.4696025411450291,0.23643556732008944,0.9567767118764794,0.6247553844184236,3,0.9509413518658343,0.3763875377344753,0.70610557876903
0.8631066927060875,0.8882947751653513,0.8737323013203049,0.4720730109158022,0,0.022202812987850318,0.672262939932566,0.03546009456908559
0.5447100189294447,0.5851850974624079,0.4372899857256745,0.9403895048961581,1,0.3037238516318258,0.7823958086444591,0.3739350374908268
0.39897141807010394,0.3542251837330034,0.2617500241811744,0.5347847694474428,1,0.9210694862995814,0.5307506023881423,0.7012011289545075
0.6937159892832241,0.4827053668939245,0.3359096585752458,0.9665848101733605,1,0.3209354383194404,0.5898343944397556,0.38443457743228426
0.7654217735083566,0.13381398135901665,0.30155553100397814,0.6731387030662979,0,0.2522528338551704,0.2006163711246527,0.45599232502331405
0.33363352632075993,0.21508012110017583,0.2986270234391575,0.7420810650733122,1,0.5342204099312473,0.28733033322764945,0.6886102394562416
0.3340953730306542,0.7889920754642747,0.6148493509325872,0.6800583111425293,3,0.8238017499205379,0.16189561005235842,0.658054005090256
0.22933714154683438,0.10001047127982954,0.3966779539947203,0.3905664318766906,2,0.10314676087836105,0.24929535000461134,0.8031299935320846
0.7891216120525124,0.474909245634063,0.48651177322331557,0.5630748533055586,2,0.9430207096457361,0.22488678022553177,0.5685469892823631
0.7310436220974441,0.5702591629770296,0.991604266707458,0.3694022785943367,3,0.795072881181164,0.5194487863912376,0.5093763568814607
0.5797047005998511,0.1491709780008751,0.7474513991402758,0.7360678309283673,2,0.18125025555155194,0.5626887557907294,0.5217521632804287
0.8753363591753578,0.9757703466750995,0.959184533637601,0.6128119366403072,0,0.7120079611981627,0.9449474208215045,0.047013551992886995
0.8445361223600425,0.3035127981247048,0.3140452440264925,0.8445894800996556,1,0.38495872263755715,0.19557064710152305,0.4425206422962397
0.6682834915174017,0.3737788476726528,0.5057115798660554,0.4543293366995589,1,0.4022946780763187,0.6416757101614959,0.4713447395379851
0.8946170244106069,0.37354826102952465,0.6437854426258834,0.4151962409005344,1,0.7832900924388664,0.8172592689875229,0.40699146767882016
0.3646729680294146,0.3073749959056149,0.26140644951099046,0.5844325616746374,0,0.9627848079807322,0.5602414637830525,0.6510930689018036
0.2895356955181823,0.10132643987768028,0.2033499549023663,0.9486097682528667,0,0.12665587284719393,0.2550036525010757,0.5983611241183446
0.4157996892135917,0.7564103146791967,0.7363474670375341,0.7972952705086882,0,0.4206302368788194,0.2625502300200002,0.3083111097240083
0.2456694848714519,0.9701609498193569,0.7134556134411483,0.5932465373550431,3,0.48094160808430353,0.03925305307099991,0.587302233517483
0.6249356224008256,0.3018641349565406,0.5286310479996894,0.6620905188280173,0,0.3763118169549976,0.3054442265484817,0.4204921312304433
0.9492845538359693,0.6967424726230802,0.5917152608256262,0.3589491078239688,2,0.363189123716225,0.7446036790033801,0.3291385593184712
0.23147483253480772,0.7677066942628435,0.5323544004736718,0.9892031274632791,3,0.05226866756159654,0.04751775720711038,0.570237498785159
0.29768793120802145,0.8635828411814722,0.21920403587591109,0.7664851132864432,3,0.6855386205626233,0.21929528250483066,0.6992724661267872
0.5617592226267483,0.48036627731224824,0.46829728497396994,0.4997828479243957,3,0.4362144171200454,0.7062324985317819,0.627122061004879
0.947100014022324,0.3726378150763864,0.3416658043178319,0.710065875950671,0,0.19479380264392676,0.7826515628228766,0.2546026628920635
0.4529248839814004,0.39276562062072806,0.278739351281095,0.37663765624829576,3,0.8160335023020684,0.4553184100619284,0.8259725027845145
0.605787846950714,0.7413591997886615,0.9653763471114798,0.9760856681653085,0,0.8025607481516279,0.6980743384786489,0.19090065155925318
0.2332582872403137,0.8351015198550724,0.6794877800337324,0.42234949151835616,0,0.4863916280888938,0.387952168654892,0.4197611371610263
0.3186745607696711,0.26345257098094244,0.7829250273892823,0.7536212226386498,3,0.29845066114776053,0.15991324502412751,0.6930848312775469
0.9893040983670776,0.4338469073419887,0.452290994612894,0.4718181237772513,1,0.6380927257964524,0.3981494935229065,0.39787715954891095
0.9720949571488364,0.911746177074235,0.5145177035952122,0.802292967853975,1,0.28815213577740306,0.5799678202031429,0.13799995024587108
0.2039519847475277,0.8260241677252653,0.3895391951173788,0.8437749570681967,3,0.23600793032371203,0.9480532818528903,0.5768599700388496
0.9614494283385913,0.9863725624862283,0.27757253677233984,0.7713938102380028,1,0.7305146540263266,0.06875095208867732,0.278601369465757
0.7112959502524003,0.7788234337138726,0.34322530995326705,0.7301496221786348,2,0.0403252397209507,0.5073940938449606,0.3624865528453987
0.8943346356160178,0.4538756809251301,0.8380112362371888,0.924728365766408,2,0.09476847103459396,0.3289197782107244,0.2746475276563755
0.5637918845070873,0.631574050595174,0.7420366441470208,0.3550386976928306,0,0.006788174023589777,0.5083116942766945,0.27566154913422025
0.6124768228634002,0.6949128288225883,0.6375431007883816,0.5316403360461366,1,0.15294318647542615,0.023975447376531678,0.36632144545245404
0.5910772642055362,0.17061023468541156,0.5800718982934145,0.47380123574159216,2,0.06899000871045946,0.3130253547015813,0.5882182464155478
0.7334914060368836,0.5900472631934786,0.9379474269248995,0.9916097734457952,3,0.9958023677799186,0.819868147527005,0.43087719522437545
0.31172100380505036,0.7383887456253486,0.2581879582229347,0.5725728457668113,1,0.2888099699540896,0.5539417338546375,0.5218760135322625
0.22397887189814236,0.25058917360095434,0.4244806505903328,0.8128288894682791,2,0.14926801266924727,0.4505824928161174,0.6852491634221071
0.44634395327295273,0.8025685456830014,0.47995028285657126,0.7793076147167032,2,0.24099625799591795,0.2855250717153396,0.4607753163385509
0.7637446101893175,0.6253955024627005,0.8259406497702304,0.44845686623416436,3,0.9361255715401346,0.2980425227913559,0.542883221259897
0.3614827616983587,0.9569996071278352,0.9940116961295771,0.4672983761480859,0,0.5201602230243957,0.38310143359058446,0.2669879555156872
0.738745946659934,0.13818006838620253,0.39253641180572246,0.49689919448712383,3,0.3648180963078569,0.8355707099645604,0.6596337755429498
0.9759296368858164,0.3387935237999203,0.8994458673096646,0.5877890947815654,0,0.8733914579092193,0.9672132068082684,0.23523557517770438
0.2751205726315347,0.6413984913698416,0.8644982083454331,0.46402754595536877,2,0.39499027054903246,0.4386553813503745,0.5435711869432678
0.738081694580101,0.36690392098533764,0.37972591811341333,0.31375603792279344,0,0.3350085699576958,0.39335283874776183,0.4312369882326104
0.5550001754436569,0.742981747664118,0.519466064159378,0.9155751397650367,2,0.20728252254973556,0.8465507758198628,0.36395084771189246
0.8945138035020044,0.7831047542697379,0.5277382954340153,0.9759268819666187,2,0.3777968239094115,0.4269053206363036,0.2730890030974568
0.34171983155790875,0.19226436765982702,0.9825765348212467,0.5390992709220975,1,0.316684356016926,0.5520181722956512,0.5208494185370277
0.7541007617809317,0.5624690177860909,0.3447135211031187,0.536954815597831,0,0.677303959298141,0.23094166459874443,0.40515963661200444
0.8704922317184882,0.5580015000319504,0.8393263768838257,0.3049642689420597,0,0.2895827046707271,0.7435025357790752,0.19520776193317704
0.9556913755792187,0.43235269319398695,0.46735417133848794,0.7761754818312618,0,0.5771997464225614,0.5319883182707819,0.2710054127043652
0.7465984226317166,0.9396323763127049,0.7846962766209284,0.87780792702404,3,0.0658921650319727,0.8090345502403417,0.23894136868946386
0.5977398112067418,0.844755687885899,0.5360088034365302,0.40262581025200217,1,0.19128915669651436,0.7807327300286697,0.31930659822424284
0.6942777921609711,0.727488443718673,0.6626878104932321,0.4117664445570055,1,0.40740527161134876,0.21500476827002857,0.3621472751191587
0.8951239875829746,0.7428939721614978,0.8660894186609049,0.8530582749800064,1,0.9369492539086954,0.7156355505577624,0.2159251138056622
0.6564877973110638,0.5155445294318072,0.8433324519871073,0.7314035238479013,3,0.3772519857156954,0.8000544079513714,0.45061532174097163
0.2243096477574695,0.9288950689869183,0.8931385468317601,0.3314023903394019,0,0.6640741211998341,0.3461072407823951,0.39108382612967835
0.9447589564055823,0.7251358845279569,0.24769386027572723,0.7357828933235971,0,0.25508722242139814,0.17260911290227454,0.22264320676115174
0.7516214008252489,0.7560829554902347,0.753640442431796,0.5162424059906362,0,0.12703357597323173,0.00263215557958818,0.19903126403955299
0.7412107086217972,0.8755218134086107,0.31198990137741034,0.5581076088295922,1,0.05853660008005013,0.45090365309314817,0.28896815675072046
0.37254012191817376,0.3466644304079719,0.5326548544147288,0.8388119928078162,1,0.30541349854275135,0.3524327315388416,0.532230420753622
0.7271083761861259,0.8263638134800327,0.6388707320437508,0.8676546348708274,2,0.15766102679690797,0.5549098338254089,0.27154372184029446
0.5150915245233267,0.27571654266084283,0.5221915877974646,0.5802496387878815,3,0.1740104480161242,0.18804109258878576,0.6799841318811561
0.7209863816331936,0.41080775702039907,0.615689340642406,0.9630070552044483,3,0.76075930838695,0.8596655476664752,0.5254434587304035
0.2852744242463926,0.40204940884285845,0.9972210470388954,0.5845239025664506,1,0.015838070944874216,0.25775521562810966,0.4478090045836692
0.7262762436824288,0.9806729215502265,0.3081738509702838,0.8402852246610768,2,0.5578101257354344,0.22642960508764998,0.3857716022668606
0.9995309806165333,0.8708835013731342,0.7403648362691404,0.6387140851949813,0,0.3794613805934648,0.48071405648435594,0.061807624201213045
0.23856963108844484,0.7310528754312338,0.5168007731084923,0.9282726285654588,1,0.5065499999085472,0.49885102374427426,0.47789886224723305
0.9817393473770539,0.7543510854538511,0.30640783912586306,0.9354328705551249,3,0.5628302372146029,0.21508522878509284,0.419718273139443
0.5255263685782965,0.605865514962314,0.32698941069944765,0.3611917655097587,3,0.3133676944572782,0.27186072672591577,0.6687148804378079
0.8966027602698075,0.9523816003976672,0.9594184849964935,0.9555453319171578,3,0.2951088601842853,0.16970523915524494,0.21094991271319521
0.8259083872466189,0.5466328775941254,0.9036811973694097,0.8778743890642908,0,0.7334018493349057,0.7184601783231668,0.18367114087320635
0.6536130087893343,0.4424659388829051,0.9256335683320176,0.8539175000188668,3,0.8712769881211572,0.7700890312540819,0.5114945978604379
0.7907593674010613,0.2467318032384319,0.9932262206619094,0.4406379377798657,0,0.19258163245852788,0.4623284974592826,0.2681562539077028
0.9028124490410783,0.8075850870349521,0.36665231200681436,0.8635834461282654,0,0.09761876053514895,0.7140870226850174,0.10648365765854054
0.5233122573208264,0.7609995388680323,0.48435146989124944,0.8950929142795256,0,0.8977958063920259,0.7359353919374455,0.3437973415474863
0.461626529250591,0.4459195346717214,0.7353752239398934,0.5024052341179056,1,0.34989546364739865,0.1382755276778086,0.4975293319519185
0.7340747084508679,0.12267407256330642,0.5870420318885179,0.9665820548536266,0,0.5513173906628142,0.9661780248345367,0.3529529421894981
0.8462767535530069,0.8550975949462096,0.5347116267026668,0.334902102479415,2,0.35954314452000347,0.821031947096431,0.3303815669481416
0.8098281078212926,0.11027618510866627,0.48624899946847444,0.40493647727299775,3,0.1258023363460513,0.2044834611958235,0.6458936778347459
0.8382509190869076,0.7333298016661458,0.6750245055547618,0.67630679663606,1,0.589331644947728,0.18616503574607024,0.29513768891698144
0.5484666518503465,0.9732313987534513,0.6604747429120656,0.7030547297856167,3,0.5251408517696297,0.12566114557958274,0.47143543502515084
0.8542673729400174,0.4938951953333831,0.3291662672513921,0.7516050583106324,0,0.20299355919119721,0.13837856254191838,0.2980431953000509
0.2961672442964868,0.3114760644963575,0.5773918700147513,0.3118783905208265,1,0.45186904465227784,0.7481617990286962,0.6301504709793077
0.6355912783686797,0.7343839090390435,0.6427774209678799,0.9722567422354911,2,0.7969475040156458,0.46965425695162355,0.4154429900053012
0.20460692839849726,0.8354153278140266,0.6562295509851124,0.3312116649139008,0,0.5904261031078913,0.7829341727398672,0.4349038861186475
0.45966866392021627,0.5917872844700626,0.36808575432988144,0.40014336690638164,3,0.09691732706699485,0.7462548943502054,0.6158687986381061
0.4931692278971183,0.9703317477305315,0.7938171138018295,0.3098101622682399,2,0.5480214972291351,0.6046127135052216,0.41597537301662224
0.5169381532874043,0.146501849492165,0.2201592758568557,0.6968009033058662,0,0.7027382992895869,0.6863666065786795,0.5878544029558777
0.7563737653518898,0.5543160384740753,0.48386548443453015,0.9525868187446804,2,0.7927034057807514,0.01835572437914179,0.49404806970304893
0.5108464810162766,0.746608552590295,0.8241701188285069,0.7661630162563249,0,0.6291175786342668,0.31177764680502196,0.28861072605240834
0.5589548980980246,0.8763764240342611,0.651114336844322,0.875860227936299,1,0.15265816454078374,0.6378221792594102,0.23460094608143464
0.390035304699462,0.26133005071701104,0.4089299460086882,0.309296842421006,0,0.7101732665901607,0.0093449534862442,0.666499258507523
0.49860143330347206,0.8200031335873132,0.7559624954744382,0.6794107089358082,1,0.6773418460815164,0.03297694368259341,0.3998041561831675
0.3818157018105212,0.5974363681466908,0.6539127553248587,0.6216940842538653,0,0.02442688294063322,0.8518879824703832,0.3099616427474891
0.25855673901475495,0.4568983137909669,0.8369948875651099,0.6492775609545551,0,0.41174766759024317,0.6840248616920718,0.42082718046909956
0.6827588747051023,0.2185435257211842,0.7880201489518588,0.35054922973463154,3,0.3329502469623733,0.26536973312034395,0.6282863072475136
0.734570238844013,0.8787661830180211,0.6880863376289877,0.7791047527485152,2,0.6694120642536434,0.687962840118709,0.3207417167539606
0.6955922768076916,0.24154588736174382,0.5905421402486513,0.6522542904010441,2,0.21613581231092072,0.7924566691392633,0.48735076208700717
0.5707952350404579,0.37880907328818936,0.30654570053401875,0.8356041949028847,2,0.5908719229742585,0.30679428311010126,0.6185991213070859
0.5038286241433838,0.36104097876619323,0.40906641430830704,0.6397034438432008,0,0.9132059618141724,0.03603737749918745,0.5751436917622832
0.8906669196574601,0.8842726307717689,0.5352795783336682,0.40456714535850247,0,0.7978023722086077,0.9327791246877345,0.20501393625140224
